Section depth,d1,Clear Cover,lc,a,a/d1,D_l,fyl,rho_l,D_t,s,fyt,rho_tv,rho_t,s/d1,f'c,Axial load(P),Axial load ratio,Vp1/Vo1,ln/h,rholfyl/fc,rhotfyt/fc,theta_y,theta_c,theta_u,V_y,V_c,V_u,theta_E,V_E,a,b,c
7.874015748,6.93503937,0.47,23.62204724,11.81102362,1.703093954,0.5,53795,0.012667687,0.216535433,1.377952756,49880,0.008,0.006788084,0.198694295,3132,33.075,0.170327802,0.561332431,2.999999999,0.217579254,0.108106523,0.011673447,0.020797,0.034606091,73.01,83.08029113,66.4642329,0.051177,35.38942015,0.022932644,0.039503553,35.38942015
19.68503937,17.44094488,1.46,64.96062992,32.48031496,1.862302483,0.866141732,46110,0.02660929,0.354330709,3.937007874,48720,0.004,0.003180863,0.225733634,3929.5,88.2,0.072405029,1.019148296,3.3,0.312241853,0.039438006,0.003488391,0.012026061,0.045104242,247.64,445.7601004,356.6080803,0.046841576,366.8036252,0.041615851,0.043353185,366.8036252
6.299212598,5.423228346,0.49,12.5984252,6.299212598,1.161524501,0.374015748,49445,0.022150683,0.196850394,1.57480315,81055,0.007,0.006135923,0.290381125,2871,91.2688,0.801155126,0.336339442,2.000000001,0.381483985,0.173231361,0.007418972,0.01491,0.029097955,38.11,77.00056254,61.60045003,0.04117975,19.25014064,0.021678983,0.033760778,19.25014064
6.299212598,5.423228346,0.49,12.5984252,6.299212598,1.161524501,0.374015748,49445,0.022150683,0.196850394,1.57480315,81055,0.007,0.006135923,0.290381125,2871,91.2688,0.801155126,0.336339442,2.000000001,0.381483985,0.173231361,0.017295137,0.023085062,0.0408305,74.48,74.48267494,59.58613996,0.0408305,18.62066874,0.023535363,0.023535363,18.62066874
6.299212598,5.423228346,0.49,12.5984252,6.299212598,1.161524501,0.374015748,49445,0.022150683,0.196850394,1.57480315,81055,0.018,0.010474021,0.290381125,2871,91.2688,0.801155126,0.261649445,2.000000001,0.381483985,0.295705946,0.014036103,0.07318,0.079121,87.9,108.7751441,87.02011525,0.07318,108.7751441,0.065084897,0.059143897,108.7751441
7.086614173,6.285433071,0.39,17.71653543,8.858267717,1.409332916,0.5,49300,0.031278239,0.157480315,2.531496063,36105,0.002,0.002171483,0.402756029,4611,42.75,0.184613485,1.406134312,2.5,0.334421423,0.017003122,0.011442974,0.017525333,0.030942788,109.46,126.0043749,100.8034999,0.033924444,96.52169108,0.019499814,0.02248147,96.52169108
7.086614173,6.285433071,0.39,17.71653543,8.858267717,1.409332916,0.5,49300,0.031278239,0.157480315,2.531496063,36105,0.002,0.002171483,0.402756029,4785,107.1,0.445686985,1.091237979,2.5,0.322260644,0.016384826,0.004153264,0.008420267,0.023914372,55.08,111.2750325,89.02002597,0.024566756,86.33214596,0.019761108,0.020413492,86.33214596
16.14173228,14.54724409,0.98,35.826,17.913,1.231367253,0.748031496,63945,0.030066674,0.236220472,3.503937008,60030,0.003,0.005525029,0.240866035,5060.5,120.15,0.162437421,0.983323093,2.219464391,0.379925594,0.065540459,0.010084484,0.027845655,0.041774093,241.58,263.1582521,210.5266017,0.067185843,77.65153348,0.031689609,0.057101359,77.65153348
9.05511811,7.460629921,0.98,35.826,17.913,2.401003694,0.748031496,63945,0.030066674,0.236220472,3.503937008,60030,0.003,0.001549703,0.469656992,5060.5,120.15,0.162437421,1.161558997,3.956436522,0.379925594,0.018383296,0.012626358,0.027845655,0.041774093,202.02,263.1582521,210.5266017,0.052364205,65.78956302,0.029147735,0.039737847,65.78956302
12.00787402,10.41338583,0.98,35.826,17.913,1.720189792,0.748031496,66990,0.024383014,0.236220472,8.267716535,60030,0.003,0.001507082,0.793950851,4335.5,64.8,0.103658178,1.469968588,2.983542294,0.376754263,0.020867289,0.007706184,0.018645544,0.029905655,120.82,213.6004644,170.8803716,0.04041964,199.8310791,0.022199471,0.032713456,199.8310791
18,15.63779528,1.5,48,48,3.069486405,0.984251969,62930,0.018786568,0.374015748,16,58000,0.002703773,0.000953712,1.023162135,3175.5,0,0,1.945088683,2.666666667,0.372300023,0.017419397,0.003887874,0.01290885,0.022497033,287.35,369.4543138,295.563451,0.02774057,187.092987,0.018609159,0.023852696,187.092987
36,33.63779528,1.5,48,48,1.426966292,0.984251969,62930,0.018786568,0.374015748,16,58000,0.001955248,0.000762969,0.475655431,2320,0,0,1.473572604,1.333333333,0.509585657,0.019074225,0.002814365,0.00713047,0.009286817,311.42,604.5202643,483.6162115,0.02136236,163.9869699,0.006472452,0.018547995,163.9869699
19.68503937,17.69703937,1.38,39.37007874,39.37007874,2.224670348,0.511811024,46835,0.021237166,0.354330709,10,37468,0.004659647,0.002003693,0.565066268,4799.5,0,0,0.948822742,2,0.20723881,0.015642123,0.003886933,0.014215,0.018615,244.3,392.928,314.3424,0.02817876,87.62823334,0.014728067,0.024291827,87.62823334
19.68503937,17.69703937,1.38,39.37007874,39.37007874,2.224670348,0.511811024,46835,0.021237166,0.354330709,10,37468,0.004659647,0.002003693,0.565066268,4599.4,0,0,0.960293001,2,0.216254874,0.016322644,0.003652727,0.009765,0.019063182,202.06,408.2444753,326.5955803,0.035335,162.3945075,0.015410455,0.031682273,162.3945075
16,14.5,0.87,96,48,3.310344828,0.75,68005,0.025310683,0.251968504,5,47003.2,0.002295553,0.000831058,0.344827586,5001.05,114.1425,0.059436737,1.446303775,6,0.344178322,0.007810837,0.009524658,0.014503125,0.018251736,462.02,601.84146,481.473168,0.030770833,150.460365,0.008727078,0.021246175,150.460365
16,14.5,0.87,96,48,3.310344828,0.75,68005,0.025310683,0.251968504,5,47003.2,0.002295553,0.000831058,0.344827586,4700.9,114.1425,0.063231742,1.45755379,6,0.366153927,0.008309555,0.008355054,0.011192708,0.012922296,607.13,724.16696,579.333568,0.028208333,181.04174,0.004567242,0.019853279,181.04174
11.81102362,10.23602362,1.02,31.49606299,31.49606299,3.07698225,0.62992126,55114.5,0.026808257,0.236220472,9.842519685,57507,0.001824224,0.000753982,0.961556953,4718.3,20.25,0.03076553,1.806117742,2.666666667,0.313147464,0.00918959,0.005251025,0.00991375,0.015824924,92.55,107.7910065,86.2328052,0.0198325,71.45032455,0.010573899,0.014581475,71.45032455
6.88976378,5.89776378,0.56,13.77952756,6.88976378,1.168199344,0.394,56260,0.030821581,0.236220472,4.330708661,45240,0.007012684,0.002937593,0.734296731,3770,17.915625,0.100111034,1.332610066,2,0.459952824,0.035251116,0.002366199,0.004445,0.009666514,40.14,64.09713858,51.27771086,0.011129,64.01714215,0.007300315,0.008762801,64.01714215
6.88976378,5.89776378,0.56,13.77952756,6.88976378,1.168199344,0.394,49880,0.030821581,0.236220472,4.330708661,45240,0.007012684,0.002937593,0.734296731,4741.5,22.5315,0.100107286,1.191129553,2,0.324239262,0.02802841,0.00171634,0.0045458,0.009940244,40.35,79.88643371,63.90914697,0.0142558,54.1575823,0.008223904,0.01253946,54.1575823
6.88976378,5.89776378,0.5,13.77952756,6.88976378,1.168199344,0.512,49880,0.069397068,0.236220472,0.787401575,46690,0.037797082,0.016156762,0.133508496,6017.5,28.5975,0.100115958,1.185934083,2,0.575243166,0.1253609,0.005069289,0.014078,0.02554301,85.76,160.1928487,128.1542789,0.037242,84.31623596,0.020473721,0.032172711,84.31623596
11.811,10.039,1.22,47.244,23.622,2.353023209,0.63,58290,0.026815067,0.236,3.937,56840,0.004743678,0.001881446,0.392170535,4451.5,124.224,0.200044121,1.145191371,4,0.35112889,0.024023675,0.010192328,0.0253868,0.035583164,179.94,228.3898042,182.7118434,0.1692,65.966806,0.025390836,0.159007672,65.966806
11.811,10.039,1.22,47.244,23.622,2.353023209,0.63,58290,0.026815067,0.236,7.874,56840,0.002371839,0.000940723,0.78434107,4451.5,124.224,0.200044121,1.353921713,4,0.35112889,0.012011838,0.00778017,0.0212252,0.028558937,159.54,210.5905988,168.4724791,0.04000508,9.9995536,0.020778767,0.03222491,9.9995536
11.811,10.039,1.22,47.244,23.622,2.353023209,0.63,58290,0.026815067,0.236,3.937,56840,0.004743678,0.001881446,0.392170535,4451.5,186.337,0.300067792,1.085303998,4,0.35112889,0.024023675,0.009938341,0.020968,0.029043758,202.82,247.8889337,198.311147,0.04000508,138.605912,0.019105417,0.030066739,138.605912
11.811,10.236,1.08,35.433,17.7165,1.730803048,0.5,49300,0.016890317,0.25,2.953,85115,0.006882471,0.002814814,0.288491598,1957.5,81.94,0.300068806,0.618756165,3,0.425385761,0.122392283,0.004568157,0.01010002,0.02658984,131.42,171.1923576,136.9538861,0.079981938,32.8544052,0.022021683,0.075413781,32.8544052
11.811,10.236,1.08,35.433,17.7165,1.730803048,0.5,49300,0.016890317,0.25,2.953,55680,0.006882471,0.002814814,0.288491598,2610,109.25,0.300059651,0.765857867,3,0.319039321,0.060049365,0.004789824,0.010142242,0.01881079,152.93,229.3897596,183.5118077,0.02997206,86.6642806,0.014020966,0.025182236,86.6642806
11.811,10.236,1.08,35.433,17.7165,1.730803048,0.5,49300,0.016890317,0.25,2.953,55680,0.006882471,0.002814814,0.288491598,2610,72.835,0.200044345,0.800540358,3,0.319039321,0.060049365,0.00353095,0.016238144,0.033481904,120.27,216.4903354,173.1922684,0.16199588,6.6678518,0.029950954,0.15846493,6.6678518
11.811,10.236,1.08,23.622,11.811,1.153868699,0.5,64815,0.016890317,0.25,1.969,57710,0.010321958,0.004221507,0.192360297,4016.5,121.392,0.21665512,0.906289748,2,0.272562155,0.060655588,0.011533086,0.02299,0.025876869,303.99,303.9864294,243.1891436,0.082042164,32.5697204,0.014343783,0.070509078,32.5697204
11.811,10.236,1.08,35.433,17.7165,1.730803048,0.5,64815,0.022520422,0.25,5.906,57710,0.003441235,0.001407407,0.576983197,4081.75,121.392,0.213191716,1.233657577,3,0.357606701,0.019898685,0.005171232,0.010568,0.021407434,103.39,208.8906747,167.1125398,0.037987187,11.1116036,0.016236202,0.032815955,11.1116036
11.811,10.236,1.08,23.622,11.811,1.153868699,0.5,64815,0.016890317,0.25,1.969,57710,0.010321958,0.004221507,0.192360297,3784.5,121.392,0.22993666,0.898447897,2,0.289270946,0.064373938,0.009204081,0.0271045,0.045645106,168.32,340.0848179,272.0678543,0.08001016,55.424572,0.036441025,0.070806079,55.424572
11.811,10.039,1.21,35.433,17.7165,1.764767407,0.63,55100,0.026815067,0.25,3.937,55100,0.00530732,0.00211129,0.392170535,3842.5,144.76,0.270060681,1.135457906,3,0.384517942,0.030275102,0.005333576,0.015382,0.021235818,123.58,249.6888534,199.7510827,0.060000564,2.9536048,0.015902242,0.054666988,2.9536048
15.748,13.779,1.16,35.433,35.433,2.571521881,0.874,79315,0.038706323,0.368,7.087,51475,0.004473326,0.001906021,0.514333406,3639.5,180.56,0.200045603,1.659532157,2.25,0.843520266,0.026957668,0.004685192,0.00953,0.015337515,175.2,353.9841974,283.187358,0.085993283,40.9990594,0.010652323,0.081308091,40.9990594
12.008,10.008,1.38,34.488,34.488,3.446043165,0.748031496,71920,0.024463995,0.248031496,5,50025,0.0033,0.003229773,0.49960032,4640,0,0,0.967989351,2.872085276,0.379191923,0.03482099,0.011517373,0.02604964,0.05522073,58.42,79.222442,63.3779536,0.057440269,62.141354,0.043703357,0.045922896,62.141354
18,15.5,1.5,116,58,3.741935484,1.252,48000,0.0303,0.375,18,58000,0.00159,0.00068,1.161290323,3900,113,0.09,1.923891022,6.444444444,0.372923077,0.010112821,0.009105631,0.021042672,0.025238841,193.05,276.9876347,221.5901078,0.062,69.24690868,0.01613321,0.052894369,69.24690868
11.811,10.236,1.02,25.591,25.591,2.500097694,0.63,55114.5,0.026815067,0.2362,5.906,57507,0.003039591,0.001256318,0.576983197,4170.2,20.232,0.03477832,1.334045048,2.166709,0.354395235,0.017324608,0.006788668,0.015156657,0.022050476,154.72,186.7916612,149.433329,0.025656473,88.85603329,0.015261808,0.018867805,88.85603329
7.874,6.935023622,0.47,23.622,11.811,1.703094415,0.5,53795,0.012667738,0.216535433,0.787401575,49880,0.014,0.011879171,0.113539855,3045,66.0912,0.350078564,0.439612063,3,0.223796705,0.194592134,0.010322689,0.021113369,0.033855907,97.91,98.90559355,79.12447484,0.081185336,34.46047229,0.023533218,0.070862647,34.46047229
7.874,6.909433071,0.43,31.496,15.748,2.279202916,0.62992126,53505,0.020106273,0.216535433,1.968503937,45820,0.006,0.004751668,0.284900934,4640,41.1384,0.143000842,0.793197776,4,0.231850461,0.046922722,0.014079415,0.03626524,0.077550329,73.24,99.31958753,79.45567002,0.087355537,56.90947012,0.063470914,0.073276122,56.90947012
7.874,6.909,0.49,31.496,15.748,2.279345781,0.511811024,53650,0.026546564,0.216535433,1.968503937,45820,0.006,0.004751668,0.284918792,4335.5,41.1384,0.15304438,0.954452585,4,0.328502631,0.050218297,0.010179641,0.026256033,0.046412621,69.58,107.6251776,86.10014208,0.066980569,53.80960851,0.03623298,0.056800928,53.80960851
6.299,5.423015748,0.49,25.197,12.598,2.323061666,0.374015748,49445,0.022152178,0.196850394,1.57480315,81055,0.007,0.00613613,0.290392509,3059.5,97.1136,0.799993355,0.240877186,4.000158755,0.358004393,0.162563823,0.005765053,0.020927491,0.028740831,51.83,57.65240849,46.12192679,0.029522165,44.96698725,0.022975778,0.023757112,44.96698725
6.299,5.423015748,0.49,25.197,12.598,2.323061666,0.374015748,49445,0.022152178,0.196850394,1.57480315,81055,0.018,0.010474374,0.290392509,3059.5,109.2528,0.899992524,0.128657328,4.000158755,0.358004393,0.277496449,0.007863742,0.04044926,0.069349526,43.46,64.222133,51.3777064,0.076886931,51.52367853,0.061485784,0.069023189,51.52367853
6.299,5.423015748,0.49,37.795,18.898,3.484776899,0.374015748,49445,0.022152178,0.196850394,1.57480315,81055,0.007,0.00613613,0.290392509,4176,116.2216,0.701428073,0.245949311,6.000158755,0.262287941,0.119100579,0.007561481,0.015316047,0.030400847,22.3,45.04701036,36.03760829,0.029436963,42.33609936,0.022839366,0.021875482,42.33609936
6.299,5.423015748,0.49,37.795,18.898,3.484776899,0.374015748,49445,0.022152178,0.196850394,1.57480315,81055,0.007,0.00613613,0.290392509,4176,116.2216,0.701428073,0.245949311,6.000158755,0.262287941,0.119100579,0.007143439,0.015884905,0.031924858,39.39,51.99469843,41.59575874,0.028905675,49.29980094,0.024781419,0.021762236,49.29980094
7.874,6.702740157,0.75,23.622,11.811,1.762115153,0.374015748,52345,0.02126474,0.236220472,2.755905512,61770,0.009,0.008078397,0.411161025,3741,59.572,0.256840586,0.560948262,3,0.297541517,0.133387485,0.006875973,0.03014986,0.052412791,91.9,129.9741799,103.9793439,0.060342054,80.50539184,0.045536818,0.053466081,80.50539184
7.874,6.702740157,0.75,23.622,11.811,1.762115153,0.374015748,52345,0.02126474,0.236220472,2.755905512,61770,0.009,0.008078397,0.411161025,3741,142.9728,0.616417406,0.404771312,3,0.297541517,0.133387485,0.005419746,0.015094404,0.02016764,104.65,124.8244098,99.85952784,0.030159174,100.7155217,0.014747894,0.024739428,100.7155217
12.008,10.008,1.38,34.488,34.488,3.446043165,0.748,71920,0.024461935,0.248,3.504,50025,0.0048,0.004607523,0.350119904,3784.5,40.014,0.147143538,0.838764878,2.872085276,0.464870489,0.06090404,0.011053284,0.048620245,0.048799582,91.56,104.1853401,83.34827205,0.048620245,104.1853401,0.037746298,0.037566961,104.1853401
12.008,10.008,1.38,34.488,34.488,3.446043165,0.748031496,71920,0.024463995,0.248031496,3.503937008,50025,0.0048,0.004608777,0.35011361,3784.5,40.0144,0.147145009,0.838681345,2.872085276,0.464909637,0.060920616,0.012059537,0.054951287,0.054073881,78.58,98.47460746,78.77968596,0.055915101,24.61865186,0.042014344,0.043855564,24.61865186
12.008,10.008,1.38,34.488,34.488,3.446043165,0.748031496,71920,0.024463995,0.248031496,5,50025,0.0033,0.003229773,0.49960032,4872,40.0144,0.114300141,1.001194337,2.872085276,0.361135164,0.033162848,0.013184736,0.025871028,0.048168325,78.04,94.2217724,75.37741792,0.05381321,70.55983939,0.034983589,0.040628474,70.55983939
12.008,10.008,1.38,34.488,34.488,3.446043165,0.748,71920,0.024461935,0.248,5,50025,0.0033,0.003228952,0.49960032,4872,40.014,0.114298998,1.001256087,2.872085276,0.361104755,0.033154418,0.012428979,0.026846004,0.041086755,80.17,100.4655328,80.37242625,0.055906837,99.77752972,0.028657776,0.043477858,99.77752972
12.008,10.008,1.38,34.488,34.488,3.446043165,0.748031496,71920,0.024463995,0.248031496,5,50025,0.0033,0.003229773,0.49960032,4872,24.9528,0.071277054,0.983933855,2.872085276,0.361135164,0.033162848,0.015133925,0.035868708,0.035348527,76.04,87.53310302,70.02648242,0.035868708,87.53310302,0.020214602,0.020734783,87.53310302
12.008,10.008,1.38,34.488,34.488,3.446043165,0.748,71920,0.024461935,0.248,5,50025,0.0033,0.003228952,0.49960032,4872,24.953,0.071277625,0.983996262,2.872085276,0.361104755,0.033154418,0.016072159,0.034487503,0.036534447,83.85,93.26585422,74.61268338,0.034487503,93.26585422,0.020462288,0.018415344,93.26585422
12.008,10.008,1.38,34.488,34.488,3.446043165,0.748031496,71920,0.024463995,0.248031496,3.503937008,50025,0.0048,0.004608777,0.35011361,3749.7,0,0,0.786714176,2.872085276,0.469224343,0.061486004,0.013620686,0.054395732,0.055349687,85.28,98.171774,78.5374192,0.056164463,24.5429435,0.041729001,0.042543777,24.5429435
12.008,10.008,1.38,34.488,34.488,3.446043165,0.748,71920,0.024461935,0.248,2.52,50025,0.007,0.006406652,0.251798561,4843,40.014,0.114983423,0.682055864,2.872085276,0.363267059,0.066176495,0.01913858,0.067202505,0.067907678,87.66,92.31887692,73.85510154,0.067202505,92.31887692,0.048769098,0.048063925,92.31887692
12.008,10.008,1.38,34.488,34.488,3.446043165,0.748,71920,0.024461935,0.248,2.52,50025,0.007,0.006406652,0.251798561,4843,40.014,0.114983423,0.682055864,2.872085276,0.363267059,0.066176495,0.016323914,0.067084203,0.068197634,92.34,99.36358023,79.49086418,0.067084203,99.36358023,0.05187372,0.050760289,99.36358023
18,15.62598425,1.5,116,58,3.711766188,1,47995,0.019392547,0.374015748,18,57985.5,0.001627668,0.000678195,1.151927438,4799.5,113.0744,0.072714879,1.278668208,6.444444444,0.19392547,0.008193661,0.009256494,0.041419914,0.055198862,204.42,238.0907946,190.4726357,0.062,99.0302766,0.045942368,0.052743506,99.0302766
18,15.62598425,1.5,116,58,3.711766188,1,47995,0.019392547,0.374015748,18,57985.5,0.001627668,0.000678195,1.151927438,3697.5,339.8976,0.283723236,1.207435746,6.444444444,0.251722865,0.010635693,0.006711128,0.02052681,0.019141379,220.46,298.9866526,239.1893221,0.02,236.666481,0.012430251,0.013288872,236.666481
18,15.625,1.5,116,58,3.71,1,48000,0.0194,0.375,18,58000,0.00159,0.00068,1.152,4800,113,0.07,1.300484478,6.444444444,0.194,0.008216667,0.006924301,0.021728103,0.036760326,159.6,228.9897774,183.191822,0.072,88.964,0.029836025,0.065075699,88.964
18,15.5,1.5,116,58,3.74,1.25,48000,0.0303,0.375,12,58000,0.00407,0.00174,0.774193548,3698,340,0.28,1.051571679,6.444444444,0.393293672,0.027290427,0.010809758,0.025115431,0.0338,259.6,361.9838403,289.5870723,0.0178,147.23542,0.022990242,0.006990242,147.23542
10,8.923228346,0.51,40,20,2.241341275,0.625984252,73950,0.024621056,0.251968504,2.007874016,65105,0.016,0.007450187,0.225016545,12470,120.0432,0.096265597,0.720463073,4,0.146008588,0.038896907,0.016605652,0.0428645,0.128055,208.1,267.5574952,214.0459962,0.122654,242.0270958,0.111449348,0.106048348,242.0270958
10,8.923228346,0.51,40,20,2.241341275,0.625984252,73950,0.024621056,0.251968504,2.007874016,65105,0.016,0.007450187,0.225016545,12470,240.0864,0.192531195,0.765313849,4,0.146008588,0.038896907,0.010940904,0.034612,0.07445,238.99,324.1112873,259.2890298,0.08405,81.02782181,0.063509096,0.073109096,81.02782181
15.748,13.051,1.97,94.488,94.488,7.239904988,0.748031496,46835,0.014176494,0.354330709,7.834645669,37468,0.006089375,0.001598427,0.600309989,4457.3,0,0,0.476428867,6,0.148959257,0.013436354,0.01151538,0.039535497,0.039537296,106.11,128.1128751,102.4903001,0.049564707,108.0032746,0.028021916,0.038049327,108.0032746
15.748,13.051,1.97,94.488,94.488,7.239904988,0.748031496,46835,0.017720617,0.354330709,7.834645669,37468,0.006089375,0.001598427,0.600309989,4116.55,0,0,0.573879275,6,0.20161181,0.014548557,0.008615096,0.024100044,0.032297391,150.3,159.9939697,127.9951757,0.040012541,65.14531242,0.023682295,0.031397445,65.14531242
19.685,17.697,1.38,98.425,98.425,5.56167712,0.511811024,46835,0.021237251,0.354330709,10,37468,0.004659658,0.002003697,0.565067526,4525.45,0,0,0.653263809,5,0.219789557,0.016589404,0.00794494,0.016242062,0.029952201,126.43,152.6367803,122.1094242,0.043942139,74.72922622,0.022007261,0.035997199,74.72922622
19.685,17.697,1.38,98.425,98.425,5.56167712,0.511811024,46835,0.021237251,0.354330709,10,37468,0.004659658,0.002003697,0.565067526,4641.45,0,0,0.650548699,5,0.214296535,0.016174799,0.006332118,0.016147981,0.025462582,109.03,154.2063277,123.3650621,0.035768098,48.21399532,0.019130464,0.02943598,48.21399532
19.685,17.697,1.38,98.425,98.425,5.56167712,0.511811024,46835,0.021237251,0.354330709,10,37468,0.004659658,0.002003697,0.565067526,4612.45,0,0,0.651220393,5,0.215643888,0.016276495,0.005936744,0.027259995,0.030331997,141.63,163.0349371,130.4279497,0.044156007,83.97965845,0.024395253,0.038219263,83.97965845
19.685,17.697,1.38,68.898,68.898,3.893202238,0.511811024,46835,0.021237251,0.354330709,10,37468,0.004659658,0.002003697,0.565067526,4613.9,0,0,0.775726339,3.5000254,0.215576118,0.01627138,0.008888051,0.017982815,0.026794081,218.1,220.3227711,176.2582169,0.036372609,55.08069278,0.01790603,0.027484558,55.08069278
19.685,17.697,1.38,68.898,68.898,3.893202238,0.511811024,46835,0.021237251,0.354330709,10,37468,0.004659658,0.002003697,0.565067526,4825.6,0,0,0.768457437,3.5000254,0.206118752,0.015557551,0.005710243,0.013659976,0.029314011,199.83,230.0342148,184.0273718,0.041334074,103.8832628,0.023603768,0.035623831,103.8832628
19.685,17.697,1.38,45.669,45.669,2.580606883,0.511811024,46835,0.021237251,0.354330709,1.968503937,37468,0.023671062,0.010178781,0.111233765,4786.45,0,0,0.376290915,2.31998984,0.207804667,0.079678795,0.006151471,0.009939784,0.027232656,282.25,384.535,307.628,0.041997854,93.14179392,0.021081185,0.035846383,93.14179392
7.874,6.811007874,0.57,19.685,19.685,2.890174313,0.512,63003.95,0.019924629,0.236220472,3.937007874,81005.265,0.006613709,0.002827439,0.578036019,2840.55,17.642304,0.100175621,0.716499831,2.5,0.441932136,0.080631373,0.004289651,0.017175768,0.026258573,56.12,72.1493147,57.71945176,0.021789942,66.65596563,0.021968922,0.017500291,66.65596563
7.874,6.811007874,0.57,19.685,19.685,2.890174313,0.512,63003.95,0.019924629,0.236220472,3.937007874,81005.265,0.006613709,0.002827439,0.578036019,2840.55,17.642304,0.100175621,0.716499831,2.5,0.441932136,0.080631373,0.004850607,0.012494031,0.016388113,53.64,68.96120079,55.16896064,0.016325883,67.24455145,0.011537506,0.011475276,67.24455145
7.874,6.811007874,0.57,19.685,19.685,2.890174313,0.512,63003.95,0.019924629,0.236220472,3.937007874,81005.265,0.006613709,0.002827439,0.578036019,2840.55,35.284608,0.200351241,0.75763557,2.5,0.441932136,0.080631373,0.004779342,0.012443993,0.015585471,60.21,78.4274597,62.74196776,0.016676149,76.36745379,0.010806129,0.011896807,76.36745379
7.874,6.811007874,0.57,19.685,19.685,2.890174313,0.512,63003.95,0.026566171,0.236220472,3.937007874,81005.265,0.006613709,0.002827439,0.578036019,2840.55,35.284608,0.200351241,0.797814843,2.5,0.589242826,0.080631373,0.005023488,0.012313691,0.012593345,61.8,77.44649815,61.95719852,0.012313691,77.44649815,0.007569857,0.007290203,77.44649815
7.874,6.811007874,0.63,19.685,19.685,2.890174313,0.394,50003.25,0.019664889,0.236220472,3.937007874,69004.485,0.006731696,0.002827439,0.578036019,2840.55,17.642304,0.100175621,0.659774163,2.5,0.346168299,0.068685984,0.003113238,0.007393955,0.024262129,39.81,54.73736958,43.78989567,0.023800356,46.29624285,0.021148891,0.020687118,46.29624285
7.874,6.811007874,0.63,19.685,19.685,2.890174313,0.394,50003.25,0.019664889,0.236220472,3.937007874,69004.485,0.006731696,0.002827439,0.578036019,2840.55,35.284608,0.200351241,0.717816531,2.5,0.346168299,0.068685984,0.003960478,0.018070866,0.028194056,61.66,64.93931628,51.95145303,0.018070866,64.93931628,0.024233578,0.014110388,64.93931628
7.874,6.811007874,0.63,19.685,19.685,2.890174313,0.394,50003.25,0.019664889,0.236220472,3.937007874,69004.485,0.006731696,0.002827439,0.578036019,2840.55,35.284608,0.200351241,0.717816531,2.5,0.346168299,0.068685984,0.003588324,0.018976886,0.019110998,58.47,63.61499818,50.89199854,0.018976886,63.61499818,0.015522674,0.015388562,63.61499818
7.874,7.087,0.29,23.622,23.622,3.333145195,0.512,67004.5,0.019924629,0.236220472,3.937007874,47003.055,0.00611255,0.002827439,0.55552531,2550.55,35.284608,0.223131371,0.996567277,3,0.523432124,0.05210573,0.006200535,0.019954068,0.021518076,55.45,64.54694056,51.63755245,0.019954068,64.54694056,0.015317541,0.013753533,64.54694056
7.874,7.087,0.29,15.748,15.748,2.222096797,0.512,67004.5,0.019924629,0.236220472,3.937007874,47003.055,0.00611255,0.002827439,0.55552531,2550.55,35.284608,0.223131371,1.192182558,2,0.523432124,0.05210573,0.005074584,0.014691072,0.016059182,45.3,105.6980394,84.55843155,0.014691072,105.6980394,0.010984598,0.009616488,105.6980394
7.874,7.087,0.29,23.622,23.622,3.333145195,0.512,67004.5,0.019924629,0.236220472,7.874015748,47003.055,0.003056275,0.00141372,1.111050621,2550.55,88.21152,0.557828428,1.250263148,3,0.523432124,0.026052874,0.010434132,0.014424477,0.017051901,81.52,83.03793003,66.43034403,0.014424477,83.03793003,0.006617769,0.003990345,83.03793003
7.874,7.087,0.43,31.496,15.748,2.222096797,0.394,55004.3,0.011798934,0.157480315,4.724409449,94006.11,0.002352888,0.0010472,0.666630372,4770.5,35.284608,0.119297289,0.781382261,4,0.136042785,0.020635824,0.020948438,0.040150178,0.039649479,73.58,75.09219934,60.07375947,0.040150178,75.09219934,0.018701041,0.01920174,75.09219934
7.874,7.087,0.45,31.496,15.748,2.222096797,0.354330709,47003.2,0.009542626,0.157480315,3.937007874,76004.94,0.002839537,0.00125664,0.55552531,2140.2,35.284608,0.265913335,0.697086264,4,0.209575721,0.044627067,0.010143618,0.020347663,0.04004953,45.36,45.8253564,36.66028512,0.040687389,42.61762593,0.029905912,0.030543771,42.61762593
7.874,7.087,0.45,31.496,15.748,2.222096797,0.354330709,47003.2,0.009542626,0.157480315,3.937007874,76004.94,0.002839537,0.00125664,0.55552531,1899.5,35.284608,0.299609223,0.68620345,4,0.236132645,0.050282099,0.010116659,0.020572771,0.04017653,51,58.71023493,46.96818794,0.040495301,55.08068166,0.030059871,0.030378642,55.08068166
7.874,7.087,0.43,31.496,15.748,2.222096797,0.394,54003.8,0.011798934,0.157480315,3.937007874,76004.94,0.002823466,0.00125664,0.55552531,2019.85,35.284608,0.281757417,0.839451244,4,0.315462669,0.047286109,0.009688555,0.020583566,0.042926086,53.78,66.55788282,53.24630625,0.020583566,66.55788282,0.033237531,0.010895011,66.55788282
7.874,7.087,0.43,31.496,15.748,2.222096797,0.394,54003.8,0.011798934,0.157480315,3.937007874,76004.94,0.002823466,0.00125664,0.55552531,1899.5,35.284608,0.299609223,0.834913202,4,0.335449998,0.050282099,0.00856473,0.019739967,0.047275845,58.45,66.50881917,53.20705534,0.019739967,66.50881917,0.038711115,0.011175237,66.50881917
7.874,6.693,0.67,19.685,19.685,2.941132527,0.512,76004.65,0.013283086,0.255905512,3.937007874,51003.315,0.007995459,0.003318314,0.588227682,2879.7,35.284608,0.197627433,0.751265298,2.5,0.350583846,0.058771752,0.008282515,0.017585979,0.020200691,36.59,73.92806091,59.14244873,0.026512065,24.18530822,0.011918176,0.01822955,24.18530822
7.874,6.693,0.61,19.685,19.685,2.941132527,0.625,76004.65,0.01979334,0.255905512,3.937007874,51003.315,0.007859572,0.003318314,0.588227682,2960.9,35.284608,0.19220768,0.975118356,2.5,0.508083988,0.05715999,0.005562242,0.011280163,0.013424481,43.43,87.74652766,70.19722213,0.024069088,21.93663192,0.007862239,0.018506846,21.93663192
7.874,6.693,0.55,19.685,19.685,2.941132527,0.748,52002.8,0.0283506,0.255905512,3.937007874,45802.89,0.007716814,0.003318314,0.588227682,3179.85,88.21152,0.447432834,0.800518642,2.5,0.46364155,0.04779734,0.003748277,0.009886208,0.014140254,73.76,104.3247022,83.45976173,0.014618237,81.02698778,0.010391977,0.01086996,81.02698778
7.874,6.693,0.49,19.685,19.685,2.941132527,0.866,52002.8,0.038000983,0.255905512,3.937007874,45802.89,0.00758465,0.003318314,0.588227682,3179.85,88.21152,0.447432834,0.854845058,2.5,0.621462496,0.04779734,0.00493177,0.008258065,0.01216313,88.04,106.2866253,85.02930021,0.013553975,70.13837244,0.00723136,0.008622205,70.13837244
21.654,18.745,1.97,58.464,58.464,3.11891171,0.992,64525,0.019779632,0.444,11.81102362,61625,0.002959802,0.001210766,0.630089284,6525,404.64,0.132254979,1.042970081,2.699916874,0.195598583,0.011435012,0.005135512,0.009848625,0.017064289,391.67,503.5775193,402.8620154,0.019287083,125.8943798,0.011928777,0.014151571,125.8943798
24,22.5,0.87,96,48,2.133333333,0.75,47003.2,0.025310683,0.251968504,5,52002.8,0.002295553,0.001246586,0.222222222,5499.85,114.04104,0.053998177,1.098512568,4,0.216311917,0.01178686,0.010879765,0.028104167,0.028652083,490.26,545.34932,436.279456,0.028104167,545.34932,0.017772318,0.017224402,545.34932
13.78,12.00834646,0.89,39.37,39.37,3.278552975,0.984251969,65685,0.03205487,0.393700787,5.905511811,68150,0.006866599,0.00299189,0.49178393,4379,134.88,0.162208712,0.947186315,2.857039187,0.48082305,0.046562526,0.007033401,0.023050165,0.047623519,95.45,242.2891837,193.831347,0.059131318,60.57229593,0.040590118,0.052097917,60.57229593
7.874,6.89,0.49,31.496,15.748,2.28563135,0.511811024,52459.55,0.026546564,0.236220472,1.57480315,52843.8,0.016155617,0.007068598,0.228563592,3340,71.74429056,0.346457572,0.618121233,4,0.416952336,0.111835802,0.011123258,0.021370333,0.039451192,102.56,122.3252331,97.86018649,0.057170434,47.31150002,0.028327934,0.046047176,47.31150002
7.874,6.89,0.49,31.496,15.748,2.28563135,0.511811024,52459.55,0.026546564,0.236220472,1.968503937,52843.8,0.012924494,0.005654878,0.28570449,3340,43.089664,0.208082626,0.72437803,4,0.416952336,0.089468635,0.012011577,0.030190183,0.053070087,91.55,104.1775557,83.34204457,0.059230061,62.97739319,0.04105851,0.047218484,62.97739319
7.874,6.89,0.49,31.496,15.748,2.28563135,0.511811024,52459.55,0.026546564,0.236220472,2.362204724,52843.8,0.016155617,0.007068598,0.342845388,2930,62.881056,0.346147648,0.604318952,4,0.475297202,0.127485181,0.010012332,0.020717551,0.05196504,91.89,110.9461592,88.75692739,0.060377826,73.34610291,0.041952708,0.050365494,73.34610291
7.874,6.89,0.49,31.496,15.748,2.28563135,0.511811024,52459.55,0.026546564,0.236220472,2.952755906,52843.8,0.012924494,0.005654878,0.428556735,2930,37.7664,0.207896485,0.713582037,4,0.475297202,0.101988137,0.01164635,0.030800102,0.054567468,92.6,100.7442125,80.59537003,0.061760224,64.3311139,0.042921118,0.050113874,64.3311139
18,15.5,1.5,116,58,3.741935484,1.251968504,47995,0.030396366,0.374015748,18,57985.5,0.001627668,0.000678195,1.161290323,4002,339.8976,0.262135599,1.507681629,6.444444444,0.364536128,0.009826456,0.006645262,0.020838879,0.024566089,230.54,316.9858491,253.5886793,0.041413793,83.4971622,0.017920827,0.034768531,83.4971622
18,15.5,1.5,116,58,3.741935484,1.251968504,47995,0.030396366,0.374015748,12,57985.5,0.004167644,0.001736519,0.774193548,4002,339.8976,0.262135599,1.006828297,6.444444444,0.364536128,0.02516065,0.009223904,0.0215992,0.037824476,206.21,349.986,279.9888,0.041672414,148.992459,0.028600572,0.03244851,148.992459
18,15.5,1.5,116,58,3.74,1.25,48000,0.0303,0.375,18,58000,0.00159,0.00068,1.161290323,3900,113,0.09,1.923889382,6.444444444,0.372923077,0.010112821,0.007182762,0.020377328,0.0262328,202.88,241.9891971,193.5913577,0.062,60.49729928,0.019050038,0.054817238,60.49729928
11.811,10.039,1.28,47.244,23.622,2.353023209,0.512,59305,0.017710781,0.236,3.937,56840,0.004804186,0.001881446,0.392170535,4451.5,124.22448,0.200044894,0.941455627,4,0.235951447,0.024023675,0.012361335,0.040776183,0.106121412,197.34,214.6904158,171.7523326,0.060376132,198.491139,0.093760077,0.048014797,198.491139
11.811,10.039,1.28,47.244,23.622,2.353023209,0.512,59305,0.017710781,0.236,5.906,56840,0.003202519,0.001254191,0.588305608,4451.5,124.22448,0.200044894,1.034999284,4,0.235951447,0.016014426,0.010477209,0.020360257,0.040720515,152.27,200.9910274,160.7928219,0.040960122,190.291505,0.030243306,0.030482913,190.291505
27.558,25.154,1.77,59.055,59.055,2.347737934,0.768,58000,0.014639565,0.248,11.811,58000,0.001139809,0.000593634,0.469547587,5075,290.891,0.150948514,1.041437217,2.142934901,0.167309314,0.006784389,0.005582113,0.010325521,0.012254009,415.21,507.4773452,405.9818762,0.012905526,372.183385,0.006671896,0.007323413,372.183385
27.558,24.95,1.78,59.055,59.055,2.366933868,0.768,58000,0.014639565,0.4449,11.811,58000,0.003672427,0.00191047,0.473386774,6090,338.998,0.14659341,0.839006708,2.142934901,0.139424429,0.018194952,0.00184404,0.008043349,0.017526035,462.92,552.155066,441.7240528,0.017526035,440.994548,0.015681995,0.015681995,440.994548
11.811,10.236,1.02,25.591,25.591,2.500097694,0.63,55114.5,0.026815067,0.2362,2.756,57507,0.006513724,0.00269224,0.269245799,4795.15,20.232,0.030245675,0.984609212,2.166709,0.308207045,0.032287342,0.006278428,0.014775125,0.030577179,158.92,185.0917371,148.0733897,0.034330167,123.694478,0.024298751,0.028051739,123.694478
11.811,10.236,1.02,41.339,41.339,4.038589293,0.63,57478,0.026815067,0.2362,5.906,61871.5,0.003039591,0.001256318,0.576983197,5278,20.232,0.027478694,1.100474476,3.500042333,0.292019026,0.014727222,0.004969135,0.009947519,0.014954683,88.8,118.7946968,95.03575741,0.019861704,59.23735553,0.009985548,0.014892569,59.23735553
11.811,10.039,1.03,35.433,35.433,3.529534814,0.752,56115,0.038206167,0.368,2.953,51475,0.014769126,0.006099095,0.294152804,3915,142.028,0.26005719,0.696559201,3,0.547621727,0.080191805,0.010412175,0.0200735,0.053340107,170.78,196.5912238,157.272979,0.083989501,34.9984376,0.042927932,0.073577326,34.9984376
21.65354331,19.21259843,1.57,47.24409449,47.24409449,2.459016393,0.94488189,54375,0.017946023,0.393700787,3.149606299,43065,0.015,0.007139983,0.163934426,3349.5,408.012,0.259797524,0.548115019,2.181818182,0.291331542,0.091799781,0.005162842,0.018851667,0.028215167,598.74,651.3809211,521.1047368,0.0281875,647.0211157,0.023052325,0.023024658,647.0211157
21.65354331,19.21259843,1.5,47.24409449,47.24409449,2.459016393,0.94488189,54375,0.017946023,0.472440945,2.952755906,45820,0.023,0.010967014,0.153688525,6003,602.464,0.214044864,0.48351787,2.181818182,0.162554556,0.083709575,0.002866116,0.006920542,0.021549783,534.61,735.0871842,588.0697474,0.021416958,722.9877244,0.018683667,0.018550842,722.9877244
21.65354331,19.21259843,1.57,47.24409449,47.24409449,2.459016393,0.94488189,54375,0.017946023,0.393700787,2.952755906,43065,0.02,0.007615982,0.153688525,3103,611.2312,0.420112683,0.48157388,2.181818182,0.314474702,0.105698442,0.001770315,0.005678625,0.01755775,344.23,619.6223388,495.6978711,0.017465292,606.9229058,0.015787435,0.015694977,606.9229058
21.65354331,19.21259843,1.5,47.24409449,47.24409449,2.459016393,0.94488189,54375,0.017946023,0.472440945,2.440944882,42630,0.035,0.01326655,0.12704918,3407.5,958.772,0.600097106,0.287614519,2.181818182,0.286372707,0.165973009,0.002801933,0.013077083,0.013032317,548.74,696.4789078,557.1831262,0.013077083,696.4789078,0.010230384,0.01027515,696.4789078
15.7480315,13.99606299,0.96,62.99212598,62.99212598,4.500703235,0.62992126,61915,0.015079645,0.472440945,3.937007874,46400,0.028,0.011309734,0.281293952,3422,322.588,0.380115565,0.242393815,3.999999999,0.27283934,0.153352325,0.003878574,0.012766688,0.03183255,123.73,185.5917148,148.4733719,0.031845437,151.9532165,0.027953976,0.027966863,151.9532165
15.7480315,14.15354331,0.89,62.99212598,62.99212598,4.450625869,0.62992126,61915,0.015079645,0.393700787,3.543307087,40600,0.022,0.008726646,0.250347705,3625,188.832,0.210046298,0.335470012,3.999999999,0.257560337,0.097738435,0.004484031,0.012442094,0.0365379,117.31,163.5726978,130.8581582,0.036519594,155.3830634,0.032053869,0.032035563,155.3830634
15.7480315,14.64566929,0.51,62.99212598,62.99212598,4.301075269,0.62992126,64670,0.015079645,0.275590551,3.346456693,52780,0.009,0.004527589,0.228494624,6742.5,167.2512,0.100022047,0.465850512,3.999999999,0.144634875,0.035441772,0.005868147,0.036581563,0.04890135,171.04,192.4214099,153.9371279,0.061039375,53.000303,0.043033203,0.055171228,53.000303
15.7480315,14.60629921,0.51,62.99212598,62.99212598,4.312668464,0.62992126,64670,0.015079645,0.31496063,3.070866142,52200,0.012,0.006444293,0.210242588,6380,474.7776,0.300066141,0.440230871,3.999999999,0.152852765,0.052726034,0.00369034,0.010622187,0.024785312,193.66,270.0279454,216.0223563,0.052941538,67.50698635,0.021094972,0.049251198,67.50698635
15.7480315,14.64566929,0.51,62.99212598,62.99212598,4.301075269,0.62992126,64670,0.015079645,0.275590551,3.582677165,52780,0.008,0.004229067,0.244623656,6380,474.7776,0.300066141,0.55378347,3.999999999,0.152852765,0.034985918,0.003119064,0.009700313,0.024751209,176.16,256.4685507,205.1748406,0.028417838,64.11713768,0.021632145,0.025298774,64.11713768
15.7480315,14.68503937,0.51,62.99212598,62.99212598,4.289544236,0.62992126,64670,0.015079645,0.236220472,3.700787402,36975,0.006,0.003007908,0.252010724,5800,431.616,0.300066141,0.731304451,3.999999999,0.168138042,0.019175414,0.004053542,0.011073188,0.023229715,191.3,245.9590199,196.7672159,0.03133725,61.48975497,0.019176173,0.027283708,61.48975497
15.7480315,14.52755906,0.51,62.99212598,62.99212598,4.33604336,0.62992126,63800,0.015079645,0.393700787,4.606299213,67570,0.016,0.006712805,0.317073171,4103.5,227.048,0.223105714,0.29670194,3.999999999,0.234453845,0.110535941,0.004790985,0.037738906,0.059844815,135.48,253.6086784,202.8869427,0.068134531,183.7617965,0.05505383,0.063343546,183.7617965
15.748,14.528,0.51,62.992,62.992,4.335903084,0.63,63800,0.015083475,0.3937,3.622,67570,0.02,0.008537031,0.249311674,5814.5,562.45,0.390050406,0.28632041,4,0.165504464,0.09920839,0.005479896,0.016253783,0.057273486,234.17,206.3407885,165.0726308,0.062931376,140.1237446,0.05179359,0.05745148,140.1237446
15.7480315,14.60629921,0.51,62.99212598,62.99212598,4.312668464,0.62992126,68730,0.015079645,0.31496063,3.188976378,53940,0.007,0.006205615,0.218328841,5945,737.344,0.500110234,0.374486471,3.999999999,0.174335408,0.056304604,0.004300221,0.016513125,0.025301484,202.76,272.1478508,217.7182806,0.026995625,200.6310434,0.021001263,0.022695404,200.6310434
15.7480315,14.68503937,0.51,62.99212598,62.99212598,4.289544236,0.62992126,68730,0.015079645,0.236220472,3.779527559,56260,0.003,0.002945243,0.257372654,5800,719.36,0.500110234,0.523080905,3.999999999,0.178693793,0.028568857,0.003809472,0.008,0.024176187,215.92,271.2578905,217.0063124,0.019727863,67.64448022,0.020366715,0.015918391,67.64448022
15.7480315,14.4488189,0.51,62.99212598,62.99212598,4.359673025,0.62992126,68730,0.015079645,0.472440945,3.779527559,44660,0.013,0.011780972,0.261580381,6090,1057.4592,0.700154328,0.198760035,3.999999999,0.170184565,0.086393795,0.001845861,0.007730625,0.010207625,137.3,270.5779209,216.4623367,0.013685838,59.61733856,0.008361764,0.011839977,59.61733856
15.7480315,14.60629921,0.51,62.99212598,62.99212598,4.312668464,0.62992126,68730,0.015079645,0.31496063,3.031496063,53940,0.007,0.006527985,0.20754717,5655,981.9264,0.700154328,0.249265488,3.999999999,0.183275685,0.062266934,0.003159127,0.006000281,0.011636375,189.55,238.4693543,190.7754834,0.012076594,197.4111872,0.008477248,0.008917467,197.4111872
15.7480315,14.4488189,0.51,62.99212598,62.99212598,4.359673025,0.62992126,68730,0.015079645,0.472440945,2.047244094,44660,0.025,0.021749488,0.141689373,5800,1007.104,0.700154328,0.127377596,3.999999999,0.178693793,0.167471058,0.005023656,0.007919344,0.009949344,230.91,257.0585244,205.6468195,0.011109344,176.6921121,0.004925688,0.006085688,176.6921121
15.7480315,13.30708661,1.57,62.99212598,62.99212598,4.733727811,0.787401575,68730,0.015707963,0.472440945,3.149606299,48285,0.025,0.010602875,0.236686391,3712,184.1112,0.199995255,0.262559622,3.999999999,0.290842752,0.13792021,0.005011296,0.013293437,0.044056222,98.89,157.9029509,126.3223607,0.080971563,93.5508237,0.039044926,0.075960267,93.5508237
15.7480315,13.30708661,1.57,62.99212598,62.99212598,4.733727811,0.787401575,68730,0.015707963,0.472440945,3.149606299,48285,0.025,0.010602875,0.236686391,3712,184.1112,0.199995255,0.262559622,3.999999999,0.290842752,0.13792021,0.004635956,0.013144063,0.047992433,107.98,157.2129817,125.7703854,0.0807909,86.2871,0.043356477,0.076154944,86.2871
15.7480315,13.30708661,1.57,62.99212598,62.99212598,4.733727811,0.787401575,68730,0.015707963,0.472440945,3.149606299,48285,0.025,0.010602875,0.236686391,3712,184.1112,0.199995255,0.262559622,3.999999999,0.290842752,0.13792021,0.010981524,0.011187813,0.038847049,104.99,157.4829696,125.9863757,0.046749687,82.40032149,0.027865525,0.035768163,82.40032149
15.7480315,13.30708661,1.57,62.99212598,62.99212598,4.733727811,0.787401575,68730,0.015707963,0.472440945,3.149606299,48285,0.025,0.010602875,0.236686391,3712,184.1112,0.199995255,0.262559622,3.999999999,0.290842752,0.13792021,0.004208808,0.012454375,0.035491313,108.99,166.0025893,132.8020715,0.07409375,102.4554262,0.031282505,0.069884942,102.4554262
21.65354331,19.21259843,1.57,64.96062992,64.96062992,3.381147541,0.787401575,74095,0.012462516,0.472440945,4.330708661,47125,0.017,0.00747751,0.225409836,4640,217.6064,0.100022047,0.383372325,3,0.199010802,0.075943461,0.006325916,0.045391212,0.046415806,325.73,374.9632609,299.9706087,0.045391212,374.9632609,0.04008989,0.039065296,374.9632609
21.65354331,19.21259843,1.57,64.96062992,64.96062992,3.381147541,0.787401575,74095,0.012462516,0.472440945,4.330708661,47125,0.017,0.00747751,0.225409836,4640,217.6064,0.100022047,0.383372325,3,0.199010802,0.075943461,0.006205828,0.027221818,0.068172121,328.66,396.802286,317.4418288,0.068172121,317.1358424,0.061966293,0.061966293,317.1358424
21.65354331,19.21259843,1.57,64.96062992,64.96062992,3.381147541,0.787401575,74095,0.012462516,0.472440945,3.543307087,47125,0.021,0.009139179,0.18442623,4640,654.8424,0.300996098,0.388628727,3,0.199010802,0.092819787,0.003990889,0.012476667,0.049763988,301.51,552.775323,442.2202584,0.050225758,482.9384407,0.045773099,0.046234869,482.9384407
21.65354331,19.21259843,1.57,64.96062992,64.96062992,3.381147541,0.787401575,74095,0.012462516,0.472440945,3.543307087,47125,0.021,0.009139179,0.18442623,4654.5,654.8424,0.300058415,0.38903089,3,0.198390831,0.092530629,0.008801678,0.017144545,0.051703624,537.97,537.9659841,430.3727873,0.051494242,451.5898401,0.042901946,0.042692564,451.5898401
9.842519685,8.342519685,1.1,29.52755906,14.76377953,1.76970269,0.374015748,56956,0.00680469,0.216535433,1.25984252,46835,0.012,0.00890936,0.15101463,2987,96.4392,0.333277345,0.430492769,3.000000001,0.129751565,0.139695305,0.004003542,0.015477867,0.035492267,118.78,158.9129058,127.1303246,0.0168,149.326,0.031488725,0.012796458,149.326
15.7480315,13.77952756,1.24,62.99212598,62.99212598,4.571428571,0.748031496,52490,0.014176437,0.354330709,3.937007874,47125,0.003,0.003180863,0.285714286,3596,28.5496,0.032013105,0.422882918,3.999999999,0.20693025,0.041684697,0.006295977,0.031009687,0.045702538,94.28,101.4554708,81.16437666,0.045609688,84.57522439,0.039406561,0.039313711,84.57522439
6.299212598,5.423228346,0.49,25.19685039,12.5984252,2.323049002,0.374015748,49445,0.022150683,0.196850394,1.57480315,81055,0.007,0.006135923,0.290381125,3059.5,97.1136,0.799939356,0.240901728,4,0.357980232,0.162558339,0.01078885,0.0222525,0.044583769,41.95,60.1923129,48.15385032,0.063965625,21.71903042,0.033794919,0.053176775,21.71903042
9.842519685,8.883858268,0.49,59.05511811,29.52755906,3.323731442,0.5,54230,0.016214639,0.216535433,1.968503937,73370,0.004,0.003801327,0.221582096,4045.5,41.34072,0.105485617,0.451870224,6,0.217357526,0.068941629,0.010217592,0.034600667,0.104865556,66.34,76.37159062,61.0972725,0.139998,44.56101071,0.094647964,0.129780408,44.56101071
9.842519685,7.998031496,1.38,59.05511811,29.52755906,3.69185331,0.5,54230,0.016214639,0.216535433,1.968503937,73370,0.004,0.003801327,0.246123554,4045.5,41.34072,0.105485617,0.441672852,6,0.217357526,0.068941629,0.007575533,0.023064667,0.097478485,59.66,79.82043666,63.85634933,0.140000667,46.25793495,0.089902952,0.132425134,46.25793495
9.842519685,7.998031496,1.38,59.05511811,29.52755906,3.69185331,0.5,54230,0.016214639,0.216535433,1.968503937,73370,0.004,0.003801327,0.246123554,4045.5,41.34072,0.105485617,0.441672852,6,0.217357526,0.068941629,0.010217592,0.034600667,0.104865556,66.34,76.37159062,61.0972725,0.139998,44.56101071,0.094647964,0.129780408,44.56101071
7.874015748,7.033464567,0.35,19.68503937,19.68503937,2.798768542,0.5,57942,0.038003061,0.236220472,1.377952756,114883.5,0.016,0.016156762,0.195913798,12426.5,308.2008,0.400029832,0.298293348,2.5,0.177199804,0.149369925,0.005448822,0.03087,0.10018268,203.02,242.5491721,194.0393377,0.10099,197.4611849,0.094733858,0.095541178,197.4611849
7.874,7.033,0.35,19.685,19.685,2.798947817,0.5,57942,0.038003213,0.2362,1.378,47618,0.016,0.01615344,0.195933457,12426.5,484.669,0.629079594,0.369261952,2.5,0.177200512,0.06189953,0.005352314,0.017140034,0.020957012,188.02,221.5901078,177.2720862,0.022780046,156.5030134,0.015604698,0.017427732,156.5030134
7.874015748,7.033464567,0.35,19.68503937,19.68503937,2.798768542,0.5,57942,0.038003061,0.236220472,1.377952756,114883.5,0.016,0.016156762,0.195913798,12426.5,484.6688,0.629076818,0.215977727,2.5,0.177199804,0.149369925,0.005781206,0.02511,0.056124141,207.71,241.9192002,193.5353602,0.06551,176.1021384,0.050342935,0.059728794,176.1021384
7.874015748,7.033464567,0.35,19.68503937,19.68503937,2.798768542,0.5,57942,0.038003061,0.236220472,1.377952756,47618,0.016,0.016156762,0.195913798,16791,264.3648,0.253941984,0.63162972,2.5,0.131140097,0.045819349,0.005246465,0.01201,0.059728788,117.02,236.4294453,189.1435563,0.07585,157.832954,0.054482323,0.070603535,157.832954
7.874015748,7.033464567,0.35,19.68503937,19.68503937,2.798768542,0.5,57942,0.038003061,0.236220472,1.377952756,114883.5,0.016,0.016156762,0.195913798,16791,264.3648,0.253941984,0.355911468,2.5,0.131140097,0.110544063,0.010764253,0.02073,0.082599091,225.44,245.2590511,196.2072409,0.08589,194.4213206,0.071834838,0.075125747,194.4213206
7.874015748,7.033464567,0.35,19.68503937,19.68503937,2.798768542,0.5,57942,0.038003061,0.236220472,1.377952756,114883.5,0.016,0.016156762,0.195913798,16791,440.3832,0.423020704,0.31904412,2.5,0.131140097,0.110544063,0.006391158,0.02109,0.060616667,266.86,275.1977146,220.1581717,0.07191,183.6118032,0.054225509,0.065518842,183.6118032
9.842519685,8.470472441,0.93,39.37007874,19.68503937,2.323960028,0.5,54955,0.024321959,0.196850394,2.362204724,112230,0.005,0.005235988,0.278875203,14427.5,489.1648,0.349986692,0.654041584,4,0.092643442,0.040730198,0.0103751,0.020855,0.04010152,314.46,370.6134551,296.4907641,0.040963,360.1139238,0.02972642,0.0305879,360.1139238
9.842519685,8.470472441,0.93,39.37007874,19.68503937,2.323960028,0.5,54955,0.024321959,0.196850394,1.57480315,112230,0.007,0.007853982,0.185916802,14427.5,489.1648,0.349986692,0.540810842,4,0.092643442,0.061095297,0.010800717,0.041368,0.08016748,335.15,385.8127765,308.6502212,0.0816,314.1459759,0.069366763,0.070799283,314.1459759
9.842519685,8.450787402,0.93,39.37007874,19.68503937,2.329373399,0.5,54955,0.024321959,0.216535433,2.362204724,49880,0.006,0.006335545,0.279524808,14427.5,489.1648,0.349986692,0.811657909,4,0.092643442,0.021903794,0.010179613,0.022675,0.038149667,295.72,385.2128033,308.1702427,0.0332994,96.30320083,0.027970054,0.023119787,96.30320083
9.842519685,8.470472441,0.93,39.37007874,19.68503937,2.323960028,0.5,54955,0.024321959,0.196850394,2.362204724,163270,0.005,0.005235988,0.278875203,14427.5,489.1648,0.349986692,0.549413153,4,0.092643442,0.059253492,0.010434564,0.020136,0.063982444,315.47,367.433597,293.9468776,0.081274,267.1080758,0.05354788,0.070839436,267.1080758
9.842519685,8.470472441,0.93,39.37007874,19.68503937,2.323960028,0.5,54955,0.024321959,0.196850394,1.181102362,112230,0.005,0.010471976,0.139437602,14427.5,489.1648,0.349986692,0.46100031,4,0.092643442,0.081460396,0.010256246,0.02005,0.03488436,328.35,386.9827243,309.5861795,0.02829,385.06281,0.024628114,0.018033754,385.06281
9.842519685,8.391519685,1,39.37007874,19.68503937,2.345825322,0.5,54955,0.024321959,0.196850394,2.362204724,124265,0.005,0.005235988,0.281499039,14427.5,489.1648,0.349986692,0.627954023,4,0.092643442,0.045097907,0.010303101,0.028085,0.03911092,318.69,385.4727917,308.3782334,0.028085,385.4727917,0.028807819,0.017781899,385.4727917
9.843,8.071,1.2,39.37,19.685,2.438979061,0.748,49155,0.01814254,0.1969,1.181,112230,0.005,0.005238825,0.146326354,14427.5,489.165,0.349952679,0.662896618,3.99979681,0.061812272,0.040752267,0.004964353,0.011000022,0.024313584,169.46,342.3747157,273.8997726,0.04485649,85.59367893,0.019349231,0.039892137,85.59367893
12.008,9.941,1.26,65.984,65.984,6.637561614,0.866,53215,0.016339708,0.374,2.992,52635,0.015,0.006115484,0.300975757,4219.5,60.022,0.098652504,0.256376355,5.495003331,0.206071231,0.076285934,0.006725918,0.017465759,0.024975752,51.11,70.55585025,56.4446802,0.030412706,61.6862462,0.018249834,0.023686788,61.6862462
12.00787402,9.940944882,1.26,65.98425197,65.98425197,6.637623762,0.866141732,53215,0.0163454,0.374015748,5,52635,0.009,0.003659852,0.502970297,4451.5,60.0216,0.093512344,0.377849715,5.495081965,0.195399407,0.043274472,0.006232886,0.02498028,0.032288007,46.87,60.24131071,48.19304857,0.02498028,60.24131071,0.026055121,0.018747394,60.24131071
12.00787402,9.940944882,1.26,65.98425197,65.98425197,6.637623762,0.866141732,53215,0.0163454,0.374015748,2.992125984,52635,0.015,0.006115805,0.300990099,4234,60.0216,0.098316061,0.256470149,5.495081965,0.205437048,0.076028672,0.007485495,0.017957339,0.030667924,50.24,61.05927419,48.84741935,0.032303401,58.79537526,0.023182429,0.024817906,58.79537526
12.00787402,9.940944882,1.26,65.98425197,65.98425197,6.637623762,0.866141732,62205,0.0163454,0.374015748,5,52635,0.009,0.003659852,0.502970297,4002,60.0216,0.104015543,0.414376485,5.495081965,0.25406437,0.04813501,0.005366467,0.018686456,0.023829928,29.25,57.16744793,45.73395834,0.030384547,54.15658234,0.018463461,0.02501808,54.15658234
12.00787402,9.940944882,1.26,65.98425197,65.98425197,6.637623762,0.866141732,62205,0.0163454,0.374015748,2.992125984,56840,0.015,0.006115805,0.300990099,4263,120.0432,0.195294488,0.310661789,5.495081965,0.238509408,0.081544067,0.007094863,0.011434964,0.030813413,61.29,49.07280929,39.25824743,0.024018496,44.43501633,0.02371855,0.016923633,44.43501633
12.00787402,9.940944882,1.26,65.98425197,65.98425197,6.637623762,0.866141732,62205,0.0163454,0.374015748,5,56840,0.009,0.003659852,0.502970297,4611,120.0432,0.180555281,0.454140478,5.495081965,0.220508698,0.045115157,0.008292616,0.018382399,0.030845239,65.83,74.90565606,59.92452485,0.030637172,64.8671042,0.022552623,0.022344556,64.8671042
12.00787402,9.940944882,1.26,65.98425197,65.98425197,6.637623762,0.866141732,52635,0.0163454,0.374015748,2.992125984,56840,0.015,0.006115805,0.300990099,4828.5,180.0648,0.258633241,0.3288754,5.495081965,0.178179586,0.071993861,0.005617021,0.012216587,0.019737778,48.59,78.85947956,63.08758364,0.029532816,37.76631404,0.014120757,0.023915795,37.76631404
12.00787402,9.940944882,1.26,65.98425197,65.98425197,6.637623762,0.866141732,52635,0.0163454,0.374015748,5,56840,0.009,0.003659852,0.502970297,4698,180.0648,0.265817498,0.466530533,5.495081965,0.183129019,0.044279691,0.00581354,0.012172136,0.024384076,57.5,76.92956571,61.54365257,0.029693616,45.45697071,0.018570536,0.023880076,45.45697071
12.00787402,9.940944882,1.26,65.98425197,65.98425197,6.637623762,0.866141732,52635,0.0163454,0.374015748,2.992125984,54085,0.015,0.006115805,0.300990099,4495,180.0648,0.277822159,0.337126923,5.495081965,0.191399361,0.073586944,0.006546941,0.01390722,0.020034205,66.72,71.80079467,57.44063574,0.02986963,40.11320927,0.013487264,0.023322689,40.11320927
12.00787402,9.940944882,1.26,65.98425197,65.98425197,6.637623762,0.866141732,52635,0.0163454,0.374015748,5,54085,0.009,0.003659852,0.502970297,4611,180.0648,0.270832922,0.480140796,5.495081965,0.186584283,0.042928453,0.008501572,0.019272673,0.025621544,69.41,78.09051388,62.47241111,0.02825179,51.25171202,0.017119972,0.019750218,51.25171202
17.99212598,15.49212598,1.5,54.01574803,54.01574803,3.486658196,1,63655,0.019409525,0.5,4.015748031,65830,0.022,0.009277789,0.259212198,5698.5,379.912,0.205947959,0.365884221,3.002188184,0.216813778,0.107178529,0.007180377,0.024415197,0.046783987,413.18,444.6201513,355.696121,0.048750474,337.8449179,0.03960361,0.041570097,337.8449179
17.99212598,15.49212598,1.63,54.01574803,54.01574803,3.486658196,1,63655,0.019409525,0.374015748,4.015748031,89320,0.013,0.005191397,0.259212198,5771,579.984,0.310455939,0.466028291,3.002188184,0.214089987,0.08034926,0.005354793,0.011654519,0.028004447,365.97,483.0784344,386.4627475,0.028171283,385.4727917,0.022649654,0.02281649,385.4727917
13.77952756,12,0.89,39.37007874,39.37007874,3.280839895,1,62350,0.033091101,0.393700787,5.905511811,68150,0.009,0.002991993,0.492125984,6322,0,0,0.956156253,2.857142857,0.326357189,0.032253136,0.015865504,0.04682,0.069365455,215.51,260.1883847,208.1507077,0.08390128,65.04709617,0.053499951,0.068035776,65.04709617
13.77952756,12,0.89,39.37007874,39.37007874,3.280839895,1,62350,0.033091101,0.393700787,2.952755906,68150,0.025,0.005983986,0.246062992,5046,134.88,0.140776984,0.631366354,2.857142857,0.408884294,0.080818202,0.007895062,0.02063,0.053922929,139.38,250.8887998,200.7110399,0.07213,116.9947771,0.046027867,0.064234938,116.9947771
13.77952756,12,0.89,39.37007874,39.37007874,3.280839895,1,63510,0.033091101,0.393700787,1.968503937,68150,0.025,0.008975979,0.164041995,4640,134.88,0.15309497,0.469373879,2.857142857,0.452934445,0.131834692,0.01205089,0.04645,0.09474899,232.45,310.986117,248.7888936,0.10205,200.6910408,0.0826981,0.08999911,200.6910408
13.77952756,12.00393701,1.02,39.37007874,39.37007874,3.279763857,1,63365,0.033091101,0.251968504,2.559055118,61625,0.0321,0.008484372,0.213184651,5408.5,134.88,0.131341529,0.539398839,2.857142857,0.387689307,0.096671799,0.012397519,0.06721,0.0890016,270.48,318.7857688,255.028615,0.08981,306.5863134,0.076604081,0.077412481,306.5863134
13.77952756,12.00393701,1.02,39.37007874,39.37007874,3.279763857,1,63365,0.033091101,0.251968504,2.559055118,61625,0.02,0.008484372,0.213184651,5655,134.88,0.125616385,0.542841643,2.857142857,0.370790029,0.0924579,0.014173451,0.06625,0.08780018,291.19,316.785858,253.4286864,0.08805,304.6863982,0.073626729,0.073876549,304.6863982
9.843,8.15,1.18,44.882,44.882,5.506993865,0.394,62350,0.015101101,0.315,5.906,62350,0.012,0.005362287,0.724662577,11600,224.8,0.200024571,0.502279817,4.559788682,0.081168418,0.028822293,0.009039319,0.018565744,0.025736114,38.65,78.08019433,62.46415546,0.038590081,19.52004858,0.016696795,0.029550762,19.52004858
9.843,8.15,1.18,44.882,44.882,5.506993865,0.394,62350,0.015101101,0.315,5.906,62350,0.012,0.005362287,0.724662577,11600,224.8,0.200024571,0.502279817,4.559788682,0.081168418,0.028822293,0.006985717,0.015728032,0.022183359,51.2,103.4491818,82.75934546,0.028652912,25.86229546,0.015197642,0.021667195,25.86229546
9.843,8.15,1.18,44.882,44.882,5.506993865,0.394,62350,0.015101101,0.315,3.937,62350,0.018,0.008044111,0.483067485,11600,224.8,0.200024571,0.389464809,4.559788682,0.081168418,0.043237097,0.00536194,0.01087278,0.020201838,66.73,134.8127817,107.8502254,0.032507464,33.70319542,0.014839898,0.027145524,33.70319542
9.842519685,8.149606299,1.18,44.88188976,44.88188976,5.507246377,0.393700787,62350,0.015079645,0.31496063,3.937007874,62350,0.018,0.008042477,0.483091787,11600,337.2,0.300066141,0.415355384,4.56,0.081053092,0.043228314,0.007346093,0.014894737,0.02525093,55.81,112.7550664,90.20405311,0.031982456,75.52577838,0.017904837,0.024636363,75.52577838
9.842519685,8.149606299,1.18,44.88188976,44.88188976,5.507246377,0.393700787,62350,0.015079645,0.31496063,3.937007874,62350,0.018,0.008042477,0.483091787,11600,337.2,0.300066141,0.415355384,4.56,0.081053092,0.043228314,0.00666011,0.013526316,0.019889686,55.09,111.3111308,89.04890468,0.03015693,27.82778271,0.013229576,0.02349682,27.82778271
9.842519685,8.149606299,1.18,44.88188976,44.88188976,5.507246377,0.393700787,62350,0.015079645,0.31496063,3.937007874,62350,0.018,0.008042477,0.483091787,11600,224.8,0.200044094,0.38939769,4.56,0.081053092,0.043228314,0.008049442,0.017381579,0.030299796,45.8,92.53948887,74.0315911,0.037057018,64.53906885,0.022250354,0.029007576,64.53906885
9.842519685,8.149606299,1.18,44.88188976,44.88188976,5.507246377,0.393700787,62350,0.015079645,0.31496063,1.968503937,62350,0.037,0.016084954,0.241545894,11600,224.8,0.200044094,0.232662259,4.56,0.081053092,0.086456628,0.007736842,0.01645614,0.03230941,40.61,82.05502689,65.64402151,0.053824561,34.52965853,0.024572568,0.046087719,34.52965853
9.842519685,8.149606299,1.18,44.88188976,44.88188976,5.507246377,0.393700787,62350,0.015079645,0.31496063,1.968503937,62350,0.037,0.016084954,0.241545894,11600,337.2,0.300066141,0.253823626,4.56,0.081053092,0.086456628,0.005813486,0.013929825,0.034406876,58.48,118.1542254,94.52338029,0.045605263,55.37301803,0.02859339,0.039791777,55.37301803
9.842519685,8.149606299,1.18,44.88188976,44.88188976,5.507246377,0.393700787,62350,0.015079645,0.31496063,1.968503937,62350,0.037,0.016084954,0.241545894,11600,224.8,0.200044094,0.232662259,4.56,0.081053092,0.086456628,0.007515417,0.015377193,0.029348485,56.14,113.4255365,90.74042917,0.04995614,43.10566568,0.021833068,0.042440723,43.10566568
9.842519685,8.149606299,1.18,44.88188976,44.88188976,5.507246377,0.393700787,62350,0.015079645,0.31496063,1.968503937,62350,0.037,0.016084954,0.241545894,11600,337.2,0.300066141,0.253823626,4.56,0.081053092,0.086456628,0.007867092,0.01604386,0.030454634,56.49,114.1362047,91.30896379,0.053587719,35.53416368,0.022587542,0.045720627,35.53416368
9.842519685,7.952755906,1.18,44.88188976,44.88188976,5.643564356,0.787401575,62350,0.060318579,0.31496063,5.905511811,62350,0.012,0.005361651,0.742574257,11600,224.8,0.200044094,0.796126535,4.56,0.324212362,0.028818874,0.009755715,0.019894737,0.04268314,82.31,166.3073757,133.0459006,0.042868421,144.3339566,0.032927425,0.033112706,144.3339566
9.842519685,7.952755906,1.18,44.88188976,44.88188976,5.643564356,0.787401575,62350,0.060318579,0.31496063,5.905511811,62350,0.012,0.005361651,0.742574257,11600,337.2,0.300066141,0.753590103,4.56,0.324212362,0.028818874,0.007354776,0.014859649,0.034156316,79.98,161.5987859,129.2790287,0.030254386,147.3475221,0.02680154,0.02289961,147.3475221
9.842519685,7.952755906,1.18,44.88188976,44.88188976,5.643564356,0.787401575,62350,0.060318579,0.31496063,5.905511811,62350,0.012,0.005361651,0.742574257,11600,337.2,0.300066141,0.753590103,4.56,0.324212362,0.028818874,0.008527025,0.017486842,0.037429351,75.66,152.8584761,122.2867809,0.037688596,132.5938807,0.028902326,0.029161571,132.5938807
9.842519685,7.952755906,1.18,44.88188976,44.88188976,5.643564356,0.787401575,62350,0.060318579,0.31496063,5.905511811,62350,0.012,0.005361651,0.742574257,11600,224.8,0.200044094,0.796126535,4.56,0.324212362,0.028818874,0.009547315,0.019596491,0.037905458,95.49,192.9270874,154.3416699,0.038966719,48.23177184,0.028358143,0.029419404,48.23177184
9.842519685,7.952755906,1.18,44.88188976,44.88188976,5.643564356,0.787401575,62350,0.060318579,0.31496063,3.937007874,62350,0.018,0.008042477,0.495049505,11600,224.8,0.200044094,0.61735347,4.56,0.324212362,0.043228314,0.008631225,0.019583333,0.049194887,73.61,148.7149611,118.9719689,0.063337719,87.40319815,0.040563662,0.054706494,87.40319815
9.842519685,7.952755906,1.18,44.88188976,44.88188976,5.643564356,0.787401575,62350,0.060318579,0.31496063,3.937007874,62350,0.018,0.008042477,0.495049505,11600,224.8,0.200044094,0.61735347,4.56,0.324212362,0.043228314,0.007610934,0.015815789,0.047690502,89.1,180.0152638,144.012211,0.049385965,141.0591028,0.040079568,0.041775031,141.0591028
9.842519685,7.952755906,1.18,44.88188976,44.88188976,5.643564356,0.787401575,62350,0.060318579,0.31496063,3.937007874,62350,0.018,0.008042477,0.495049505,11600,337.2,0.300066141,0.593730104,4.56,0.324212362,0.043228314,0.008466241,0.017377193,0.046577352,83.92,169.5624304,135.6499443,0.063263158,88.5690461,0.038111111,0.054796917,88.5690461
9.842519685,7.952755906,1.18,44.88188976,44.88188976,5.643564356,0.787401575,62350,0.060318579,0.31496063,3.937007874,62350,0.018,0.008042477,0.495049505,11600,337.2,0.300066141,0.593730104,4.56,0.324212362,0.043228314,0.008084175,0.018526316,0.038342903,82.84,167.3746281,133.8997025,0.046552632,107.6068962,0.030258728,0.038468457,107.6068962
9.842519685,7.952755906,1.18,44.88188976,44.88188976,5.643564356,0.787401575,62350,0.060318579,0.31496063,1.968503937,62350,0.037,0.016084954,0.247524752,11600,224.8,0.200044094,0.368864163,4.56,0.324212362,0.086456628,0.008626883,0.020732456,0.070549043,80.2,162.0382663,129.630613,0.075530702,124.0556619,0.06192216,0.066903819,124.0556619
9.842519685,7.952755906,1.18,44.88188976,44.88188976,5.643564356,0.787401575,62350,0.060318579,0.31496063,1.968503937,62350,0.037,0.016084954,0.247524752,11600,224.8,0.200044094,0.368864163,4.56,0.324212362,0.086456628,0.008787524,0.02329386,0.057291999,80.42,162.4777467,129.9821973,0.065899123,116.8986814,0.048504475,0.057111599,116.8986814
9.842519685,7.952755906,1.18,44.88188976,44.88188976,5.643564356,0.787401575,62350,0.060318579,0.31496063,1.968503937,62350,0.037,0.016084954,0.247524752,11600,337.2,0.300066141,0.362828397,4.56,0.324212362,0.086456628,0.011666046,0.025004386,0.058534689,83.28,168.2535888,134.6028711,0.083241228,105.0330111,0.046868643,0.071575182,105.0330111
9.842519685,7.952755906,1.18,44.88188976,44.88188976,5.643564356,0.787401575,62350,0.060318579,0.31496063,1.968503937,62350,0.037,0.016084954,0.247524752,11600,337.2,0.300066141,0.362828397,4.56,0.324212362,0.086456628,0.016956471,0.040201754,0.054880914,159.05,165.7424009,132.5939207,0.061263158,118.4053142,0.037924443,0.044306687,118.4053142
24.01574803,22.3011811,1.1,91.92913386,91.92913386,4.122164357,0.751968504,64960,0.022249266,0.236220472,4.330708661,62060,0.004,0.002705678,0.194191897,3944,138.252,0.097563757,0.662844418,3.827868853,0.366458499,0.042574639,0.010358857,0.052320194,0.063790381,299.43,365.9688424,292.7750739,0.069760257,253.7787064,0.053431524,0.0594014,253.7787064
24.01574803,22.3011811,1.1,91.92913386,91.92913386,4.122164357,0.751968504,64960,0.022249266,0.236220472,4.330708661,62060,0.004,0.002705678,0.194191897,3944,338.324,0.238753585,0.654464778,3.827868853,0.366458499,0.042574639,0.008353208,0.035179271,0.047754175,330.89,380.9113454,304.7290763,0.052350107,224.18928,0.039400967,0.043996899,224.18928
24.01574803,22.41929134,0.98,91.92913386,91.92913386,4.100447801,0.751968504,64960,0.022249266,0.236220472,3.267716535,62060,0.005,0.003585838,0.145754676,4074.5,135.1048,0.09228911,0.557114677,3.827868853,0.354721394,0.054617034,0.011741952,0.03963651,0.072937524,281.02,361.3146202,289.0516962,0.078674732,190.093827,0.061195572,0.06693278,190.093827
24.01574803,22.41929134,0.98,91.92913386,91.92913386,4.100447801,0.751968504,64960,0.022249266,0.236220472,3.267716535,62060,0.005,0.003585838,0.145754676,4074.5,340.3472,0.232488707,0.562733213,3.827868853,0.354721394,0.054617034,0.008727569,0.029454754,0.060647641,263.45,407.5228074,326.0182459,0.064680257,253.5474,0.051920072,0.055952688,253.5474
10,8.738188976,0.51,40,20,2.288803785,0.751968504,73950,0.035528688,0.374015748,2.007874016,73950,0.037,0.016415513,0.229781482,11020,109.9272,0.09975245,0.476869091,4,0.238416196,0.110156732,0.017369053,0.138048375,0.14055,304.47,324.111291,259.2890328,0.18975,119.1761744,0.123180947,0.172380947,119.1761744
10,8.738188976,0.51,40,20,2.288803785,0.751968504,73950,0.035528688,0.374015748,2.007874016,73950,0.037,0.016415513,0.229781482,11020,220.0792,0.199708893,0.509880957,4,0.238416196,0.110156732,0.017676036,0.0584015,0.11708,328.65,378.3299906,302.6639925,0.1570045,337.5436514,0.099403964,0.139328464,337.5436514
10,8.801181102,0.51,40,20,2.272422277,0.625984252,73950,0.024621056,0.374015748,2.007874016,73950,0.037,0.016415513,0.228136882,12470,120.0432,0.096265597,0.403941688,4,0.146008588,0.09734781,0.014745611,0.05288175,0.14581,233.72,275.4523432,220.3618746,0.14388675,241.2487502,0.131064389,0.129141139,241.2487502
10,8.801181102,0.51,40,20,2.272422277,0.625984252,73950,0.024621056,0.374015748,2.007874016,73950,0.037,0.016415513,0.228136882,12470,240.0864,0.192531195,0.453035248,4,0.146008588,0.09734781,0.015725652,0.068462625,0.142463034,267.33,318.8628853,255.0903083,0.174637125,155.4951384,0.126737382,0.158911473,155.4951384
8.858267717,8.019685039,0.44,35.43307087,17.71653543,2.209131075,0.393700787,56985,0.018616845,0.200787402,1.771653543,205175,0.031757555,0.008070402,0.220913108,17110,804.5592,0.599253243,0.218656352,4,0.06200356,0.096776431,0.006548648,0.013569509,0.014410267,286.97,334.2350791,267.3880633,0.018190401,307.9862509,0.007861619,0.011641753,307.9862509
8.858267717,7.968503937,0.44,35.43307087,17.71653543,2.223320158,0.393700787,56985,0.018616845,0.251968504,1.771653543,206480,0.050011129,0.0127091,0.222332016,17110,804.5592,0.599253243,0.163709964,4,0.06200356,0.153370834,0.007145049,0.018085092,0.035609452,312.51,363.983751,291.1870008,0.053091644,90.99593776,0.028464403,0.045946595,90.99593776
8.858267717,7.968503937,0.44,35.43307087,17.71653543,2.223320158,0.393700787,56985,0.018616845,0.251968504,1.377952756,206480,0.050011129,0.016340271,0.172924901,17110,804.5592,0.599253243,0.136740749,4,0.06200356,0.197191067,0.007962931,0.026936828,0.055203552,340.08,391.4825234,313.1860188,0.091519022,97.87063086,0.047240621,0.083556091,97.87063086
8.858267717,7.968503937,0.44,35.43307087,17.71653543,2.223320158,0.393700787,56985,0.018616845,0.251968504,1.771653543,206480,0.050011129,0.0127091,0.222332016,17110,469.6072,0.349773686,0.271610176,4,0.06200356,0.153370834,0.007996269,0.027096157,0.064350674,332.5,361.7338515,289.3870812,0.090685764,215.4903801,0.056354405,0.082689495,215.4903801
8.858267717,7.968503937,0.44,35.43307087,17.71653543,2.223320158,0.393700787,56985,0.018616845,0.251968504,1.377952756,206480,0.050011129,0.016340271,0.172924901,17110,469.6072,0.349773686,0.224206295,4,0.06200356,0.197191067,0.00810845,0.026910779,0.071987629,332.61,369.9834832,295.9867866,0.090662324,253.9886614,0.063879179,0.082553874,253.9886614
11,9.4375,1,84.01574803,84.016,8.902357616,0.625,59015,0.010142022,0.25,9,50895,0.021816616,0.000991664,0.953642384,5887,241.8848,0.339569889,0.992961985,7.637795275,0.101670023,0.008573253,0.005124405,0.013598615,0.016114836,39.11,54.53739853,43.62991882,0.016115582,51.4585918,0.010990431,0.010991177,51.4585918
12.00787402,10.54133858,0.45,72.51968504,72.51968504,6.879551821,0.769291339,65830,0.025788692,0.629133858,3.74015748,67135,0.032,0.01384363,0.35480859,10454.5,753.878321,0.500110234,0.204945418,6.03934426,0.162386493,0.088898761,0.002351439,0.008751428,0.016306386,111.2,135.9137644,108.7310115,0.01959115,80.73849652,0.013954947,0.017239711,80.73849652
12.00787402,10.62795276,0.55,72.51968504,72.51968504,6.823485831,0.769291339,65830,0.025788692,0.444094488,3.543307087,78590,0.028,0.012428801,0.333395073,10396.5,539.7810602,0.360079369,0.220047857,6.03934426,0.163292415,0.093952722,0.002370693,0.0097843,0.027563709,110.66,138.6702801,110.9362241,0.039617546,63.73665049,0.025193016,0.037246853,63.73665049
12.00787402,10.62795276,0.55,72.51968504,72.51968504,6.823485831,0.769291339,65830,0.025788692,0.444094488,3.543307087,78590,0.028,0.012428801,0.333395073,10411,750.741518,0.500110234,0.196314763,6.03934426,0.163064988,0.093821868,0.002849575,0.010797132,0.01732709,116.42,134.0192272,107.2153818,0.024169989,33.5048068,0.014477515,0.021320414,33.5048068
12.00787402,10.54133858,0.45,72.51968504,72.51968504,6.879551821,0.769291339,65830,0.025788692,0.629133858,3.937007874,67135,0.051,0.022449523,0.373482726,10425.5,751.787119,0.500110234,0.137425475,6.03934426,0.162838194,0.144563688,0.003168706,0.012490814,0.023657755,117.47,135.2250557,108.1800445,0.039327253,33.80626392,0.020489049,0.036158547,33.80626392
12.00787402,10.54055118,0.45,72.51968504,72.51968504,6.880065738,0.769291339,65830,0.025788692,0.62992126,3.543307087,67135,0.04,0.025006391,0.336159564,14761,957.8728,0.450049015,0.152969051,6.03934426,0.115010473,0.113732407,0.001207457,0.003816322,0.008809666,116.9,154.3124389,123.4499511,0.016174848,65.39981152,0.007602209,0.014967391,65.39981152
12.00787402,10.54133858,0.45,72.51968504,72.51968504,6.879551821,0.769291339,65830,0.025788692,0.629133858,2.992125984,67135,0.067,0.029538845,0.283846872,14775.5,980.2300255,0.460101416,0.131364041,6.03934426,0.114897607,0.134214772,0.003149133,0.010662048,0.017942093,129.74,158.5664507,126.8531605,0.035073236,39.64161267,0.01479296,0.031924103,39.64161267
12.00787402,10.62795276,0.55,72.51968504,72.51968504,6.823485831,0.769291339,65830,0.025788692,0.444094488,3.700787402,78590,0.027,0.011899916,0.348212632,14790,959.861718,0.450099211,0.243872785,6.03934426,0.114784962,0.063232887,0.003099478,0.007501941,0.014121914,116.58,144.2687697,115.4150157,0.02184924,36.06719241,0.011022436,0.018749762,36.06719241
12.00787402,10.54133858,0.45,72.51968504,72.51968504,6.879551821,0.769291339,65830,0.025788692,0.629133858,2.755905512,67135,0.043,0.032070746,0.261437908,14819,1004.487969,0.47010362,0.121010823,6.03934426,0.114560334,0.145291149,0.002166352,0.005064566,0.012446656,126.14,166.5072727,133.2058182,0.016137702,91.40138185,0.010280304,0.01397135,91.40138185
13.77952756,11.87874016,1.14,64.76377953,64.76377953,5.452074771,0.767716535,66055.562,0.01950352,0.37519685,2.992125984,82650,0.02,0.008044801,0.251889169,4930,400.5936,0.427945468,0.230090974,4.7,0.261321699,0.134868723,0.00605689,0.020063392,0.040426918,165.15,181.6704916,145.3363933,0.03009614,151.6769978,0.034370028,0.02403925,151.6769978
13.77952756,11.87874016,1.14,64.76377953,64.76377953,5.452074771,0.767716535,66055.562,0.01950352,0.37519685,2.992125984,82650,0.02,0.008044801,0.251889169,4930,186.8088,0.199563796,0.229855265,4.7,0.261321699,0.134868723,0.005705459,0.011251058,0.04358156,154.1,183.8032841,147.0426273,0.050766116,127.6631763,0.037876101,0.045060657,127.6631763
13.77952756,11.87992126,1.14,64.76377953,64.76377953,5.451532726,0.767716535,66062,0.02925528,0.374015748,5.984251969,82650,0.013,0.005329488,0.503728252,4930,432.2904,0.461806473,0.355319238,4.7,0.392020752,0.089347299,0.005726709,0.020063398,0.030702347,122.1,163.3474799,130.6779839,0.070520353,135.3455688,0.024975638,0.064793644,135.3455688
13.77952756,11.87874016,1.14,64.76377953,64.76377953,5.452074771,0.767716535,66055.562,0.02925528,0.37519685,2.992125984,82650,0.027,0.010726401,0.251889169,4930,432.2904,0.461806473,0.206902884,4.7,0.391982548,0.179824958,0.007819101,0.020063398,0.028747024,155.36,194.6865672,155.7492538,0.050766219,127.6631763,0.020927923,0.042947118,127.6631763
13.77952756,11.67401575,1.14,64.76377953,64.76377953,5.547686497,1.177165354,69277.7868,0.022927471,0.37519685,2.992125984,82650,0.027,0.010726401,0.256306489,4930,427.12,0.456283047,0.212177835,4.7,0.322183458,0.179824958,0.005585617,0.03039862,0.061198199,179.34,211.3670992,169.0936793,0.070519124,109.003523,0.055612582,0.064933507,109.003523
13.77952756,11.99409449,1.14,64.76377953,64.76377953,5.39963893,0.767716535,66055.562,0.02925528,0.25984252,2.992125984,84100,0.013,0.005144653,0.249466601,4930,432.2904,0.461806473,0.361460862,4.7,0.391982548,0.087761728,0.004511101,0.020365872,0.062920147,146.88,196.4960912,157.196873,0.070519124,109.003523,0.058409046,0.066008023,109.003523
13.77952756,11.99409449,1.14,64.76377953,64.76377953,5.39963893,0.767716535,66055.562,0.02925528,0.25984252,2.992125984,84100,0.013,0.005144653,0.249466601,4930,216.0328,0.230783162,0.400155135,4.7,0.391982548,0.087761728,0.006305546,0.020670802,0.070829714,118.65,192.5554768,154.0443815,0.070520353,175.1744291,0.064524168,0.064214807,175.1744291
13.77952756,12.06299213,1.14,64.76377953,64.76377953,5.368798956,0.62992126,62027.781,0.032826438,0.25984252,2.992125984,84100,0.013,0.005144653,0.248041775,4930,432.2904,0.461806473,0.371152552,4.7,0.413012395,0.087761728,0.007284977,0.03070355,0.070519356,186.3,211.9953385,169.5962708,0.070520353,175.1744291,0.063234379,0.063235376,175.1744291
13.77952756,11.9476378,1.14,64.76377953,64.76377953,5.420634659,0.62992126,62027.781,0.032826438,0.37519685,2.992125984,82650,0.027,0.010726401,0.250436616,4930,432.2904,0.461806473,0.212237686,4.7,0.413012395,0.179824958,0.006725283,0.03009614,0.069910991,166.63,206.205749,164.9645992,0.070520353,175.1744291,0.063185708,0.06379507,175.1744291
7.992125984,5.730314961,1.57,24.01574803,24.01574803,4.190999656,0.625984252,84977.88003,0.019273121,0.374015748,3,58984.64614,0.01,0.009164654,0.523531432,10097.37163,31.9216,0.049493899,0.452377849,3.004926108,0.162199533,0.053536098,0.010778702,0.021819016,0.055637314,34.12,68.94435697,55.15548558,0.073326885,46.25943951,0.044858612,0.062548183,46.25943951
7.992125984,5.738188976,1.57,24.01574803,24.01574803,4.185248714,0.625984252,84977.88003,0.019273121,0.374015748,3,58984.64614,0.01,0.009164654,0.522813036,10097.37163,31.9216,0.049493899,0.452049041,3.004926108,0.162199533,0.053536098,0.010077983,0.020382459,0.057508771,33.24,67.16514779,53.73211823,0.072889672,45.81463722,0.047430788,0.062811689,45.81463722
7.992125984,6.289370079,1.02,24.01574803,24.01574803,3.818466354,0.625984252,82978.4005,0.019273121,0.374015748,3,74480.61249,0.01,0.009164654,0.476995305,9827.44189,64.068,0.102064812,0.412624196,3.004926108,0.162733372,0.069457449,0.010490171,0.021236066,0.064559069,46.89,94.742891,75.7943128,0.072910492,71.61317111,0.054068898,0.062420321,71.61317111
7.992125984,6.368110236,0.94,24.01574803,24.01574803,3.771251932,0.625984252,83123.4005,0.019273121,0.374015748,3.039370079,74625.61249,0.01,0.009045941,0.477279753,9827.44189,64.068,0.102064812,0.415768981,3.004926108,0.163017739,0.068691211,0.010325296,0.020882131,0.064484413,45.57,92.07407717,73.65926174,0.072889672,69.38915958,0.054159117,0.062564376,69.38915958
7.992125984,6.438976378,0.87,24.01574803,24.01574803,3.729746255,0.625984252,82978.4005,0.019273121,0.374015748,3,74480.61249,0.01,0.009164654,0.465912565,9497.527768,127.9112,0.21084988,0.481750462,3.004926108,0.168386215,0.071870181,0.010469561,0.021236066,0.054614837,51.52,104.0837389,83.26699112,0.062542295,73.83718232,0.044145276,0.052072734,73.83718232
7.992125984,6.730314961,0.57,24.01574803,24.01574803,3.568294823,0.625984252,83123.4005,0.019273121,0.374015748,3.039370079,74625.61249,0.01,0.009045941,0.451594033,9497.527768,127.9112,0.21084988,0.488253924,3.004926108,0.16868046,0.071077327,0.010304686,0.020861311,0.053668068,49.31,99.6357159,79.70857272,0.062500656,68.94435697,0.043363382,0.05219597,68.94435697
7.992125984,6.36023622,0.94,24.01574803,24.01574803,3.775920768,0.625984252,82978.4005,0.019273121,0.374015748,3,74480.61249,0.01,0.009164654,0.471680594,5498.568708,0,0,0.293933827,3.004926108,0.290848917,0.124139404,0.020851951,0.031854098,0.067233241,56.34,58.71390403,46.97112322,0.083361967,39.27604337,0.04638129,0.062510016,39.27604337
7.992125984,6.210629921,1.09,24.01574803,24.01574803,3.866877971,0.625984252,83123.4005,0.019273121,0.374015748,3.039370079,74625.61249,0.01,0.009045941,0.489381933,5498.568708,0,0,0.296847093,3.004926108,0.291357159,0.122769929,0.021313797,0.030901639,0.066934095,58.3,58.29739749,46.63791799,0.083360656,38.49828136,0.045620298,0.062046859,38.49828136
7.992125984,5.797244094,1.51,24.01574803,24.01574803,4.142614601,0.625984252,84977.88003,0.019273121,0.374015748,3,58984.64614,0.01,0.009164654,0.517487267,6998.178355,64.068,0.143328157,0.478634013,3.004926108,0.234030755,0.077244941,0.010304686,0.020901639,0.041766021,35.24,71.19682163,56.95745731,0.072540984,26.49881704,0.031461335,0.062236298,26.49881704
7.992125984,5.769685039,1.54,24.01574803,24.01574803,4.162401911,0.625984252,85122.88003,0.019273121,0.374015748,3.039370079,59129.64614,0.01,0.009045941,0.526782668,6998.178355,64.068,0.143328157,0.481252241,3.004926108,0.234430088,0.076431789,0.010304686,0.020901639,0.040534029,33.9,68.49694216,54.79755373,0.07204918,28.19874115,0.030229343,0.061744494,28.19874115
7.992125984,6.49015748,0.81,24.01574803,24.01574803,3.700333637,0.625984252,82978.4005,0.019273121,0.374015748,3,74480.61249,0.01,0.009164654,0.462238399,5518.563503,127.9112,0.3628757,0.363840108,3.004926108,0.289795116,0.123689624,0.010385825,0.021065574,0.042130689,41.82,84.49622792,67.59698234,0.042213115,69.39690198,0.031744864,0.03182729,69.39690198
7.992125984,6.49015748,0.81,24.01574803,24.01574803,3.700333637,0.625984252,83123.4005,0.019273121,0.374015748,3.039370079,74625.61249,0.01,0.009045941,0.468304519,5518.563503,127.9112,0.3628757,0.366714492,3.004926108,0.290301517,0.12232511,0.010385825,0.021065574,0.041639344,41.82,84.49622792,67.59698234,0.041721311,69.39690198,0.031253519,0.031335486,69.39690198
15.7480315,13.78444882,1.34,55.11811024,55.11811024,3.998571939,0.75,72065,0.021376722,0.25,1.968503937,66627.5,0.030043845,0.006333843,0.142806141,3616.3,101.16,0.112795512,0.397585231,3.499999999,0.425991613,0.116696105,0.008555681,0.024272143,0.060725462,202.01,249.98884,199.991072,0.068282857,142.6936299,0.052169781,0.059727176,142.6936299
15.7480315,13.78444882,1.34,55.11811024,55.11811024,3.998571939,0.75,72065,0.021376722,0.25,1.968503937,66627.5,0.030043845,0.006333843,0.142806141,3867.15,151.74,0.158218227,0.408378253,3.499999999,0.398358861,0.109126391,0.009757529,0.027133621,0.069534884,232.43,267.5680552,214.0544442,0.076518621,93.745815,0.059777355,0.066761092,93.745815
15.7480315,13.78444882,1.34,55.11811024,55.11811024,3.998571939,0.75,72065,0.021376722,0.25,1.968503937,66627.5,0.030043845,0.006333843,0.142806141,3788.85,202.32,0.215317265,0.409640395,3.499999999,0.406591306,0.111381587,0.009305508,0.024691429,0.059761443,234.36,305.2863714,244.2290971,0.078940357,162.5927415,0.050455935,0.069634849,162.5927415
15.7480315,13.78444882,1.34,55.11811024,55.11811024,3.998571939,0.75,72065,0.021376722,0.25,2.047244094,66627.5,0.030043845,0.006090234,0.148518386,3672.85,101.16,0.111058826,0.410529608,3.499999999,0.419432721,0.110480163,0.009144845,0.026434,0.070446698,195.42,248.038927,198.4311416,0.080899714,119.3746709,0.061301853,0.071754869,119.3746709
15.7480315,13.78444882,1.34,55.11811024,55.11811024,3.998571939,0.75,72065,0.021376722,0.25,2.047244094,66627.5,0.030043845,0.006090234,0.148518386,3932.4,151.74,0.155592924,0.422164895,3.499999999,0.391748925,0.103188146,0.008292988,0.025166071,0.072328734,213.13,260.4883713,208.390697,0.0762,65.12209282,0.064035746,0.067907012,65.12209282
15.7480315,13.78444882,1.34,55.11811024,55.11811024,3.998571939,0.75,72065,0.021376722,0.25,2.047244094,66627.5,0.030043845,0.006090234,0.148518386,3881.65,202.32,0.210169598,0.424043828,3.499999999,0.396870782,0.104537263,0.008968275,0.027411143,0.05336926,240.95,309.7961701,247.8369361,0.077800429,95.20574983,0.044400985,0.068832154,95.20574983
15.7480315,13.78444882,1.34,55.11811024,55.11811024,3.998571939,0.75,72065,0.021376722,0.25,2.125984252,66627.5,0.030043845,0.00586467,0.154230632,3828,101.16,0.106557578,0.424426651,3.499999999,0.402432986,0.102076359,0.009192405,0.025368571,0.07121368,189.58,234.6095266,187.6876213,0.074171429,163.5626982,0.062021275,0.064979024,163.5626982
15.7480315,13.78444882,1.34,55.11811024,55.11811024,3.998571939,0.75,72065,0.021376722,0.25,2.125984252,66627.5,0.030043845,0.00586467,0.154230632,3987.5,151.74,0.153442913,0.435492839,3.499999999,0.386335667,0.097993304,0.009146063,0.027187,0.076854388,212.33,259.508415,207.606732,0.080633429,171.6223384,0.067708325,0.071487366,171.6223384
15.7480315,13.78444882,1.34,55.11811024,55.11811024,3.998571939,0.75,72065,0.021376722,0.25,2.125984252,66627.5,0.030043845,0.00586467,0.154230632,3900.5,202.32,0.209153908,0.436278447,3.499999999,0.394952819,0.100179028,0.010934639,0.027445286,0.063751072,263.24,299.5466276,239.6373021,0.085417429,197.7411724,0.052816433,0.07448279,197.7411724
20,18.5,0.61,72.00787402,72.00787402,3.892317514,0.984251969,60000,0.025345236,0.393700787,2.952755906,60000,0.051881187,0.013733738,0.159608427,12035,0,0,0.207414463,3.600393701,0.126357637,0.068468989,0.014069147,0.04387259,0.060590596,200.74,239.4324904,191.5459924,0.06131958,223.7341976,0.046521449,0.047250433,223.7341976
20,18.5,0.61,72.00787402,72.00787402,3.892317514,0.984251969,60000,0.025345236,0.393700787,2.952755906,60000,0.051881187,0.013733738,0.159608427,12035,346.8664,0.120010714,0.335464596,3.600393701,0.126357637,0.068468989,0.010980095,0.032813225,0.048946261,270.55,377.2472178,301.7977743,0.057012779,209.8550378,0.037966166,0.046032684,209.8550378
20,18.5,0.61,72.008,72.008,3.892324324,0.984,60000,0.025331995,0.394,2.953,60000,0.051959118,0.01375334,0.159621622,12035,462.638,0.160064319,0.355714586,3.6004,0.126291624,0.068566714,0.008852865,0.020004835,0.041017677,250.21,393.1812886,314.5450309,0.047741786,260.5375752,0.032164812,0.038888921,260.5375752
6,5.250492126,0.44,23.5,23.5,4.475770925,0.375,74979.5,0.024543693,0.125,1,114985,0.014364281,0.006135923,0.190458337,14891.5,0,0,0.26246533,3.916666667,0.123578809,0.047378646,0.00926114,0.052597872,0.052344681,27.52,34.05850776,27.24680621,0.052597872,34.05850776,0.043083541,0.043336732,34.05850776
6,5.250492126,0.44,23.5,23.5,4.475770925,0.375,74983.125,0.024543693,0.125,1,114985,0.014364281,0.006135923,0.190458337,12513.5,90.11706364,0.200044094,0.418757372,3.916666667,0.147070188,0.056382236,0.004584868,0.019993617,0.04160548,58.61,69.08028636,55.26422909,0.056582979,17.27007159,0.037020612,0.051998111,17.27007159
6,5.250492126,0.44,23.5,23.5,4.475770925,0.375,65989.5,0.024543693,0.125,1,114985,0.016346552,0.006982681,0.190458337,12687.5,0,0,0.209935819,3.916666667,0.127655254,0.06328304,0.006789492,0.0307085,0.048148936,22.81,32.1579,25.72632,0.044048936,27.62399851,0.041359444,0.037259444,27.62399851
6,5.250492126,0.44,23.5,23.5,4.475770925,0.375,65985.15,0.024543693,0.125,1,114985,0.016346552,0.006982681,0.190458337,12093,43.54439807,0.100022047,0.313622613,3.916666667,0.133922043,0.066394077,0.005792247,0.014070213,0.036705416,36.58,55.80488941,44.64391153,0.060755319,36.50180648,0.030913169,0.054963072,36.50180648
6,5.250492126,0.44,23.5,23.5,4.475770925,0.375,65985.15,0.024543693,0.125,1,114985,0.016346552,0.006982681,0.190458337,13050,93.98071526,0.200044094,0.376005199,3.916666667,0.124101093,0.061525178,0.002827641,0.009561702,0.020047023,37.61,65.22535614,52.18028491,0.064195745,12.31212609,0.017219382,0.061368104,12.31212609
6,5.250492126,0.44,23.5,23.5,4.475770925,0.375,68991,0.024543693,0.125,1,182990,0.016346552,0.006982681,0.190458337,9787.5,0,0,0.144549321,3.916666667,0.173005765,0.130550273,0.011260658,0.059251064,0.060923404,29.15,36.52893941,29.22315153,0.059251064,36.52893941,0.049662746,0.047990406,36.52893941
6,5.250492126,0.44,23.5,23.5,4.475770925,0.375,68984.475,0.024543693,0.125,1,182990,0.016346552,0.006982681,0.190458337,10817,38.94978533,0.100022047,0.211343643,3.916666667,0.156525264,0.118125247,0.004780356,0.0172106,0.050467363,34.34,46.9813,37.58504,0.067095745,31.1535043,0.045687007,0.062315389,31.1535043
6,5.250492126,0.44,23.5,23.5,4.475770925,0.375,68984.475,0.024543693,0.125,1,182990,0.016346552,0.006982681,0.190458337,11861,85.41802787,0.200044094,0.25471985,3.916666667,0.142747979,0.107727915,0.00348465,0.014742553,0.033986912,44.57,54.4744859,43.57958872,0.068506383,13.61862147,0.030502262,0.065021733,13.61862147
6,5.250492126,0.44,23.5,23.5,4.475770925,0.375,68984.475,0.024543693,0.125,1.25,182990,0.016346552,0.005586144,0.238072922,10991,79.15264686,0.200044094,0.294635151,3.916666667,0.154047291,0.093004139,0.00362887,0.014914894,0.024812164,45.38,56.15761761,44.92609409,0.065412766,14.0394044,0.021183294,0.061783896,14.0394044
6,5.250492126,0.44,23.5,23.5,4.475770925,0.375,68984.475,0.024543693,0.125,1.5,182990,0.016346552,0.00465512,0.285687506,12615,90.84802476,0.200044094,0.358928229,3.916666667,0.134215916,0.067525994,0.003622102,0.011157447,0.021408897,39.29,58.05825759,46.44660607,0.067540426,12.06792966,0.017786795,0.063918324,12.06792966
6,5.250492126,0.44,23.5,23.5,4.475770925,0.375,68984.475,0.024543693,0.125,1.75,182990,0.016346552,0.003990103,0.33330209,10324,74.34918808,0.200044094,0.371449062,3.916666667,0.163999785,0.070723455,0.003052371,0.010517021,0.023677391,29.32,51.84081183,41.47264947,0.06716383,12.52918958,0.02062502,0.064111459,12.52918958
12.00787402,10.5,0.68,78.74015748,78.74015748,7.499062617,0.768,65395,0.025702186,0.44488189,2.362204724,56695,0.099661572,0.018709371,0.224971879,13398,269.76,0.139638551,0.18354075,6.557377047,0.125451146,0.079170607,0.008827272,0.01517,0.080360909,91.11,114.174903,91.3399224,0.10607,62.6272042,0.071533637,0.097242728,62.6272042
12.00787402,10.5,0.68,78.74015748,78.74015748,7.499062617,0.768,62350,0.025702186,0.44488189,2.362204724,56695,0.099661572,0.018709371,0.224971879,13528.5,539.52,0.276583111,0.221078452,6.557377047,0.118455948,0.078406903,0.007847367,0.01854805,0.054714155,124.51,148.5133701,118.8106961,0.09996424,37.12834252,0.046866788,0.092116873,37.12834252
12.00787402,10.5,0.68,78.74015748,78.74015748,7.499062617,0.768,65395,0.025702186,0.44488189,2.362204724,60610,0.099661572,0.018709371,0.224971879,14239,809.28,0.394173181,0.204000179,6.557377047,0.118041608,0.079638667,0.009181366,0.023675,0.044970455,136.95,148.9933486,119.1946789,0.07049897,37.24833716,0.035789089,0.061317604,37.24833716
12.00787402,10.5,0.68,78.74015748,78.74015748,7.499062617,0.768,62350,0.025702186,0.44488189,5.118110236,56695,0.099661572,0.008635094,0.48743907,14166.5,539.52,0.264126963,0.405430505,6.557377047,0.113121187,0.034558053,0.006654527,0.0154775,0.029540909,121.24,151.9332174,121.5465739,0.046417,76.22959696,0.022886382,0.039762473,76.22959696
12.008,10.5,0.68,78.74,78.74,7.499047619,0.768,65395,0.025701647,0.4449,5.118,60610,0.099670527,0.008635893,0.487428571,15123.5,809.28,0.37111212,0.377482887,6.557295137,0.111135597,0.034609811,0.006546776,0.015725,0.014566929,139.99,139.9937504,111.9950003,0.023725,118.9946878,0.008020153,0.017178224,118.9946878
12.00787402,10.5,0.68,78.74015748,78.74015748,7.499062617,0.768,64670,0.025702186,0.44488189,2.362204724,63510,0.099661572,0.018709371,0.224971879,11411.5,651.92,0.396204428,0.177089257,6.557377047,0.145656607,0.104125851,0.004909988,0.0244175,0.088926591,106.6,162.3627518,129.8902014,0.1042475,112.2449892,0.084016603,0.099337512,112.2449892
12.00787402,10.5,0.68,78.74015748,78.74015748,7.499062617,0.768,64670,0.025702186,0.44488189,2.362204724,63510,0.099661572,0.018709371,0.224971879,15834,944.16,0.41354494,0.201884184,6.557377047,0.10497413,0.075043081,0.007292633,0.02902,0.06171404,150.12,209.3206555,167.4565244,0.081225,135.0239723,0.054421407,0.073932367,135.0239723
12.00787402,10.57086614,0.68,78.74015748,78.74015748,7.448789572,0.768,64670,0.025702186,0.374015748,2.165354331,119625,0.070439791,0.014425739,0.204841713,15877.5,809.28,0.353495949,0.153816431,6.557377047,0.104686529,0.108687075,0.007312176,0.02473,0.054904242,143.6,179.9519666,143.9615733,0.084475,117.5547521,0.047592066,0.077162824,117.5547521
12.00787402,10.57086614,0.68,78.74015748,78.74015748,7.448789572,0.768,64670,0.025702186,0.374015748,3.149606299,119625,0.070439791,0.009917696,0.297951583,15109,809.28,0.371476069,0.204036146,6.557377047,0.110011276,0.078523025,0.007850731,0.026695,0.039299545,140.21,161.4027947,129.1222357,0.054425,100.9454936,0.031448814,0.046574269,100.9454936
12.00787402,10.57086614,0.61,78.74015748,78.74015748,7.448789572,0.768,64670,0.025702186,0.44488189,2.165,107880,0.098352662,0.020413564,0.204808194,15152.5,1157.72,0.529891555,0.100089215,6.557377047,0.109695454,0.145336762,0.004047159,0.023225,0.040762576,96.49,159.2128924,127.3703139,0.04607,107.6151958,0.036715417,0.042022841,107.6151958
12.00787402,10.5,0.68,78.74015748,78.74015748,7.499062617,0.768,64670,0.025702186,0.44488189,2.362204724,71340,0.099661572,0.018709371,0.224971879,15863,1157.72,0.506157838,0.162607398,6.557377047,0.104782221,0.084140864,0.007029383,0.0237925,0.039752955,100.43,198.8611224,159.088898,0.0454375,145.4635062,0.032723572,0.038408117,145.4635062
9.842519685,8.592519685,0.84,24.60629921,24.60629921,2.863688431,0.5,66845,0.024321959,0.157480315,1.57480315,70325,0.019101892,0.005026548,0.18327606,5452,158.484,0.300066141,0.651227206,2.5,0.298202742,0.064837122,0.003744918,0.029765789,0.038508204,146.73,198.9850176,159.1880141,0.039490498,154.8297453,0.034763286,0.03574558,154.8297453
9.842519685,8.592519685,0.84,24.60629921,24.60629921,2.863688431,0.5,66845,0.024321959,0.157480315,1.57480315,70325,0.019101892,0.005026548,0.18327606,5452,316.968,0.600132281,0.475595629,2.5,0.298202742,0.064837122,0.003419742,0.00995869,0.022551296,143.24,177.2645762,141.811661,0.029747071,106.6589694,0.019131554,0.026327329,106.6589694
23.62204724,21.21259843,1.41,47.24409449,47.24409449,2.227171492,1,56260,0.016890249,0.5,3.937007874,75980,0.075507621,0.008445125,0.185597624,5684,1798.4,0.567018406,0.343120364,2,0.167178995,0.112888916,0.00323711,0.007591625,0.02233496,1078.87,1256.563904,1005.251124,0.02606745,812.4737296,0.01909785,0.02283034,812.4737296
22.04724409,20.42519685,0.62,47.24409449,47.24409449,2.313030069,1,56260,0.019389317,0.5,3.937007874,75980,0.075507621,0.009048348,0.192752506,4669,1348.8,0.594312771,0.300762378,2.142857143,0.233635248,0.147246408,0.004284666,0.02005375,0.019350567,1060.3,1179.429348,943.5434783,0.028542083,1125.215768,0.015065901,0.024257417,1125.215768
15.7480315,14.17913386,1.08,49.01574803,49.01574803,3.456892961,0.5,52635,0.015834609,0.236220472,2.755905512,53360,0.012906235,0.002019595,0.19436346,5205.5,35.2936,0.027338895,0.617590701,3.112499999,0.160110392,0.020702255,0.005398251,0.014706827,0.035506633,133.17,151.5432348,121.2345878,0.057606426,40.09820994,0.030108382,0.052208175,40.09820994
15.748,14.179,1.08,49.016,49.016,3.456943367,0.5,52635,0.015834672,0.2362,2.756,53360,0.012904261,0.00201918,0.194371959,5176.5,35.294,0.027492476,0.618093216,3.112522225,0.161008009,0.020813956,0.006438938,0.014236875,0.036115307,115.07,147.9533951,118.3627161,0.052697079,36.98834877,0.029676369,0.046258141,36.98834877
15.7480315,14.17913386,1.08,49.01574803,49.01574803,3.456892961,0.5,52635,0.015834609,0.236220472,2.755905512,53360,0.012906235,0.002019595,0.19436346,4973.5,35.2936,0.028614179,0.621159388,3.112499999,0.167579098,0.021667958,0.015228187,0.029731727,0.062871559,145.14,152.8631759,122.2905407,0.073476305,46.68791576,0.047643372,0.058248118,46.68791576
18,16.0625,1.125,94.5,94.5,5.88,0.875,66700,0.0148,0.375,14,63500,0.00204,0.00087,0.871595331,3570,290,0.25,1.037027111,5.25,0.276515406,0.01547479,0.004890364,0.01617027,0.019927048,147.97,183.1162333,146.4929866,0.032340749,72.97628116,0.015036684,0.027450385,72.97628116
18,15.625,1.5,72,72,4.61,1,74000,0.0194,0.375,18,69700,0.00159,0.00068,1.152,5255,120,0.07,1.691154113,4,0.273187441,0.00901922,0.003970237,0.010089583,0.017382288,118.73,202.6653298,162.1322639,0.07,50.66633246,0.013412051,0.066029763,50.66633246
18,15.625,1.5,72,72,4.61,1,74000,0.0194,0.375,18,69700,0.00159,0.00068,1.152,5255,240,0.14,1.556276542,4,0.273187441,0.00901922,0.003749656,0.010388889,0.018882379,136.79,233.4918007,186.7934405,0.07,38.92175,0.015132723,0.066250344,38.92175
18,15.625,1.5,72,72,4.61,1,74000,0.0194,0.375,18,69700,0.00159,0.00068,1.152,5255,360,0.21,1.472025579,4,0.273187441,0.00901922,0.0045922,0.01396875,0.017862577,195.96,285.2955379,228.2364303,0.05,31.1374,0.013270377,0.0454078,31.1374
18,15.625,1.5,66,66,4.22,1,74000,0.0194,0.375,18,69700,0.00159,0.00068,1.152,5125,240,0.14,1.558387588,3.666666667,0.280117073,0.009248,0.004706858,0.01512803,0.01826822,203.64,268.8002778,215.0402222,0.07,44.70441,0.013561362,0.065293142,44.70441
18,15.625,1.5,60,60,3.84,1,74000,0.0194,0.375,18,69700,0.00159,0.00068,1.152,5125,360,0.22,1.473310425,3.333333333,0.280117073,0.009248,0.005287004,0.014908333,0.019164899,292.51,340.687638,272.5501104,0.05,71.971876,0.013877895,0.044712996,71.971876
